account_id,is_ring_member
ACC00001,False
ACC00002,False
ACC00003,False
ACC00004,False
ACC00005,False
ACC00006,False
ACC00007,False
ACC00008,False
ACC00009,False
ACC00010,False
ACC00011,False
ACC00012,False
ACC00013,False
ACC00014,False
ACC00015,False
ACC00016,False
ACC00017,False
ACC00018,False
ACC00019,False
ACC00020,False
ACC00021,False
ACC00022,False
ACC00023,False
ACC00024,False
ACC00025,False
ACC00026,False
ACC00027,False
ACC00028,False
ACC00029,False
ACC00030,False
ACC00031,False
ACC00032,False
ACC00033,False
ACC00034,False
ACC00035,False
ACC00036,False
ACC00037,False
ACC00038,False
ACC00039,False
ACC00040,False
ACC00041,False
ACC00042,False
ACC00043,False
ACC00044,False
ACC00045,False
ACC00046,False
ACC00047,False
ACC00048,False
ACC00049,False
ACC00050,False
ACC00051,False
ACC00052,False
ACC00053,False
ACC00054,False
ACC00055,False
ACC00056,False
ACC00057,False
ACC00058,False
ACC00059,False
ACC00060,False
ACC00061,False
ACC00062,False
ACC00063,False
ACC00064,False
ACC00065,False
ACC00066,False
ACC00067,False
ACC00068,False
ACC00069,False
ACC00070,False
ACC00071,False
ACC00072,False
ACC00073,False
ACC00074,False
ACC00075,False
ACC00076,False
ACC00077,False
ACC00078,False
ACC00079,False
ACC00080,False
ACC00081,False
ACC00082,False
ACC00083,False
ACC00084,False
ACC00085,False
ACC00086,False
ACC00087,False
ACC00088,False
ACC00089,False
ACC00090,False
ACC00091,False
ACC00092,False
ACC00093,False
ACC00094,False
ACC00095,False
ACC00096,False
ACC00097,False
ACC00098,False
ACC00099,False
ACC00100,False
ACC00101,False
ACC00102,False
ACC00103,False
ACC00104,False
ACC00105,False
ACC00106,False
ACC00107,False
ACC00108,False
ACC00109,False
ACC00110,False
ACC00111,False
ACC00112,False
ACC00113,False
ACC00114,False
ACC00115,False
ACC00116,False
ACC00117,False
ACC00118,False
ACC00119,False
ACC00120,False
ACC00121,False
ACC00122,False
ACC00123,False
ACC00124,False
ACC00125,False
ACC00126,False
ACC00127,False
ACC00128,False
ACC00129,False
ACC00130,False
ACC00131,False
ACC00132,False
ACC00133,False
ACC00134,False
ACC00135,False
ACC00136,False
ACC00137,False
ACC00138,False
ACC00139,False
ACC00140,False
ACC00141,False
ACC00142,False
ACC00143,False
ACC00144,False
ACC00145,False
ACC00146,False
ACC00147,False
ACC00148,False
ACC00149,False
ACC00150,False
RING001_C1,True
RING001_C2,True
RING001_C3,True
RING001_C4,True
RING001_D1,True
RING001_D2,True
RING001_D3,True
RING001_D4,True
RING001_D5,True
RING001_S1,True
RING001_S2,True
RING001_S3,True
RING001_S4,True
RING001_S5,True
RING002_C1,True
RING002_C2,True
RING002_C3,True
RING002_C4,True
RING002_D1,True
RING002_D2,True
RING002_D3,True
RING002_D4,True
RING002_D5,True
RING002_S1,True
RING002_S2,True
RING002_S3,True
RING002_S4,True
RING002_S5,True
RING003_C1,True
RING003_C2,True
RING003_C3,True
RING003_C4,True
RING003_D1,True
RING003_D2,True
RING003_D3,True
RING003_D4,True
RING003_D5,True
RING003_S1,True
RING003_S2,True
RING003_S3,True
RING003_S4,True
RING003_S5,True
RING004_C1,True
RING004_C2,True
RING004_C3,True
RING004_C4,True
RING004_D1,True
RING004_D2,True
RING004_D3,True
RING004_D4,True
RING004_D5,True
RING004_S1,True
RING004_S2,True
RING004_S3,True
RING004_S4,True
RING004_S5,True
RING005_C1,True
RING005_C2,True
RING005_C3,True
RING005_C4,True
RING005_D1,True
RING005_D2,True
RING005_D3,True
RING005_D4,True
RING005_D5,True
RING005_S1,True
RING005_S2,True
RING005_S3,True
RING005_S4,True
RING005_S5,True
RING006_C1,True
RING006_C2,True
RING006_C3,True
RING006_C4,True
RING006_D1,True
RING006_D2,True
RING006_D3,True
RING006_D4,True
RING006_D5,True
RING006_S1,True
RING006_S2,True
RING006_S3,True
RING006_S4,True
RING006_S5,True
