alert_id,alert_type,gt_n_accounts,gt_n_transactions,candidate_id,candidate_n_accounts,n_shared_accounts,account_recall,candidate_precision,jaccard,exact_shared_transactions,gt_start,gt_end,candidate_start,candidate_end,temporal_overlap,temporal_overlap_days,temporal_gap_days,strict_match,moderate_match,candidate_patterns,formation_stage,risk_score
0,fan_in,8,7,RING044,10,1,0.125,0.1,0.0588,0,2017-01-01 00:00:00+00:00,2017-12-09 00:00:00+00:00,2017-04-17 00:00:00+00:00,2017-04-25 00:00:00+00:00,True,8.0,0.0,False,False,"fan_in,split_merge",FORMING,51.76
1,fan_in,6,5,RING056,6,1,0.1667,0.1667,0.0909,0,2017-01-01 00:00:00+00:00,2017-06-26 00:00:00+00:00,2017-05-26 00:00:00+00:00,2017-06-02 00:00:00+00:00,True,7.0,0.0,False,False,"circular_flow,fan_in,rapid_pass_through",OBSERVABLE_RING,67.13
10,fan_in,5,4,RING096,14,1,0.2,0.0714,0.0556,0,2017-01-02 00:00:00+00:00,2018-02-11 00:00:00+00:00,2017-11-14 00:00:00+00:00,2017-11-23 00:00:00+00:00,True,9.0,0.0,False,False,"circular_flow,fan_in,rapid_pass_through",OBSERVABLE_RING,50.86
11,fan_in,5,4,RING017,17,1,0.2,0.0588,0.0476,0,2017-01-02 00:00:00+00:00,2017-07-04 00:00:00+00:00,2017-02-15 00:00:00+00:00,2017-02-25 00:00:00+00:00,True,10.0,0.0,False,False,"circular_flow,fan_in",FORMING,47.05
12,fan_in,10,9,RING074,12,1,0.1,0.0833,0.0476,0,2017-01-01 00:00:00+00:00,2018-06-21 00:00:00+00:00,2017-07-21 00:00:00+00:00,2017-07-28 00:00:00+00:00,True,7.0,0.0,False,False,"fan_in,layering,rapid_pass_through",EMERGING,52.89
13,fan_in,9,8,RING001,14,0,0.0,0.0,0.0,0,2017-01-01 00:00:00+00:00,2017-05-14 00:00:00+00:00,2017-01-01 00:00:00+00:00,2017-01-09 00:00:00+00:00,True,8.0,0.0,False,False,"circular_flow,fan_in,layering,rapid_pass_through",OBSERVABLE_RING,54.9
14,fan_in,5,4,RING081,15,1,0.2,0.0667,0.0526,0,2017-01-02 00:00:00+00:00,2017-09-26 00:00:00+00:00,2017-08-23 00:00:00+00:00,2017-09-02 00:00:00+00:00,True,10.0,0.0,False,False,"fan_in,layering,rapid_pass_through",EMERGING,43.88
15,fan_in,8,7,RING122,17,2,0.25,0.1176,0.087,1,2017-01-01 00:00:00+00:00,2018-07-25 00:00:00+00:00,2018-04-21 00:00:00+00:00,2018-04-29 00:00:00+00:00,True,8.0,0.0,True,False,"fan_in,layering,rapid_pass_through",EMERGING,42.97
16,fan_in,7,6,RING133,20,1,0.1429,0.05,0.0385,0,2017-01-03 00:00:00+00:00,2017-03-29 00:00:00+00:00,2018-08-26 00:00:00+00:00,2018-09-04 00:00:00+00:00,False,0.0,515.0,False,False,"fan_in,layering,rapid_pass_through",EMERGING,44.27
17,fan_in,6,5,RING001,14,0,0.0,0.0,0.0,0,2017-01-01 00:00:00+00:00,2018-04-02 00:00:00+00:00,2017-01-01 00:00:00+00:00,2017-01-09 00:00:00+00:00,True,8.0,0.0,False,False,"circular_flow,fan_in,layering,rapid_pass_through",OBSERVABLE_RING,54.9
18,fan_in,5,4,RING033,15,1,0.2,0.0667,0.0526,0,2017-01-01 00:00:00+00:00,2017-05-13 00:00:00+00:00,2017-04-01 00:00:00+00:00,2017-04-08 00:00:00+00:00,True,7.0,0.0,False,False,"fan_in,layering,rapid_pass_through",EMERGING,48.34
19,fan_in,10,9,RING127,12,1,0.1,0.0833,0.0476,0,2017-01-02 00:00:00+00:00,2017-08-30 00:00:00+00:00,2018-07-10 00:00:00+00:00,2018-07-20 00:00:00+00:00,False,0.0,314.0,False,False,"fan_in,layering,rapid_pass_through",EMERGING,50.33
2,fan_in,8,7,RING037,29,1,0.125,0.0345,0.0278,0,2017-01-01 00:00:00+00:00,2017-06-06 00:00:00+00:00,2017-04-09 00:00:00+00:00,2017-04-19 00:00:00+00:00,True,10.0,0.0,False,False,"fan_in,layering,rapid_pass_through",EMERGING,43.59
20,fan_in,6,5,RING001,14,0,0.0,0.0,0.0,0,2017-01-02 00:00:00+00:00,2018-01-25 00:00:00+00:00,2017-01-01 00:00:00+00:00,2017-01-09 00:00:00+00:00,True,7.0,0.0,False,False,"circular_flow,fan_in,layering,rapid_pass_through",OBSERVABLE_RING,54.9
21,fan_in,10,9,RING064,30,1,0.1,0.0333,0.0256,0,2017-01-01 00:00:00+00:00,2017-07-04 00:00:00+00:00,2017-06-28 00:00:00+00:00,2017-07-08 00:00:00+00:00,True,6.0,0.0,False,False,"circular_flow,fan_in",FORMING,40.49
22,fan_in,8,7,RING128,9,1,0.125,0.1111,0.0625,0,2017-01-01 00:00:00+00:00,2018-08-24 00:00:00+00:00,2018-07-15 00:00:00+00:00,2018-07-15 00:00:00+00:00,True,0.0,0.0,False,False,"fan_in,layering,rapid_pass_through",EMERGING,50.26
23,fan_in,8,7,RING001,14,0,0.0,0.0,0.0,0,2017-01-01 00:00:00+00:00,2018-05-13 00:00:00+00:00,2017-01-01 00:00:00+00:00,2017-01-09 00:00:00+00:00,True,8.0,0.0,False,False,"circular_flow,fan_in,layering,rapid_pass_through",OBSERVABLE_RING,54.9
24,fan_in,10,9,RING009,10,2,0.2,0.2,0.1111,1,2017-01-01 00:00:00+00:00,2017-06-26 00:00:00+00:00,2017-01-23 00:00:00+00:00,2017-01-28 00:00:00+00:00,True,5.0,0.0,True,False,"circular_flow,fan_in,rapid_pass_through",OBSERVABLE_RING,57.7
25,fan_in,9,8,RING052,23,1,0.1111,0.0435,0.0323,0,2017-01-01 00:00:00+00:00,2018-09-09 00:00:00+00:00,2017-05-08 00:00:00+00:00,2017-05-16 00:00:00+00:00,True,8.0,0.0,False,False,"circular_flow,fan_in,rapid_pass_through",OBSERVABLE_RING,45.2
26,fan_in,10,9,RING032,9,1,0.1,0.1111,0.0556,0,2017-01-01 00:00:00+00:00,2018-06-21 00:00:00+00:00,2017-03-31 00:00:00+00:00,2017-04-07 00:00:00+00:00,True,7.0,0.0,False,False,"circular_flow,fan_in",FORMING,53.64
27,fan_in,6,5,RING001,14,0,0.0,0.0,0.0,0,2017-01-02 00:00:00+00:00,2017-12-08 00:00:00+00:00,2017-01-01 00:00:00+00:00,2017-01-09 00:00:00+00:00,True,7.0,0.0,False,False,"circular_flow,fan_in,layering,rapid_pass_through",OBSERVABLE_RING,54.9
28,fan_in,5,4,RING049,34,1,0.2,0.0294,0.0263,0,2017-01-01 00:00:00+00:00,2018-04-29 00:00:00+00:00,2017-05-02 00:00:00+00:00,2017-05-12 00:00:00+00:00,True,10.0,0.0,False,False,"fan_in,layering,rapid_pass_through",EMERGING,38.91
29,fan_in,10,9,RING082,16,2,0.2,0.125,0.0833,0,2017-01-01 00:00:00+00:00,2017-03-14 00:00:00+00:00,2017-08-24 00:00:00+00:00,2017-09-02 00:00:00+00:00,False,0.0,163.0,False,False,"circular_flow,fan_in,layering",OBSERVABLE_RING,51.21
3,fan_in,9,8,RING001,14,0,0.0,0.0,0.0,0,2017-01-01 00:00:00+00:00,2017-06-11 00:00:00+00:00,2017-01-01 00:00:00+00:00,2017-01-09 00:00:00+00:00,True,8.0,0.0,False,False,"circular_flow,fan_in,layering,rapid_pass_through",OBSERVABLE_RING,54.9
30,fan_out,9,8,RING073,8,1,0.1111,0.125,0.0625,0,2017-02-22 00:00:00+00:00,2018-01-18 00:00:00+00:00,2017-07-19 00:00:00+00:00,2017-07-26 00:00:00+00:00,True,7.0,0.0,False,False,"circular_flow,fan_in,rapid_pass_through",OBSERVABLE_RING,61.17
31,fan_out,6,5,RING085,20,1,0.1667,0.05,0.04,0,2017-04-28 00:00:00+00:00,2017-11-11 00:00:00+00:00,2017-09-12 00:00:00+00:00,2017-09-21 00:00:00+00:00,True,9.0,0.0,False,False,"fan_in,rapid_pass_through,repeated_intermediary",EMERGING,42.12
32,fan_out,8,7,RING019,7,1,0.125,0.1429,0.0714,0,2017-01-13 00:00:00+00:00,2017-10-26 00:00:00+00:00,2017-02-19 00:00:00+00:00,2017-02-24 00:00:00+00:00,True,5.0,0.0,False,False,"circular_flow,fan_in,rapid_pass_through",OBSERVABLE_RING,59.89
33,fan_out,6,5,RING060,15,2,0.3333,0.1333,0.1053,1,2017-02-06 00:00:00+00:00,2017-12-05 00:00:00+00:00,2017-06-06 00:00:00+00:00,2017-06-15 00:00:00+00:00,True,9.0,0.0,True,False,"circular_flow,fan_in,rapid_pass_through,repeated_intermediary",OBSERVABLE_RING,53.41
34,fan_out,5,4,RING038,9,2,0.4,0.2222,0.1667,1,2017-04-11 00:00:00+00:00,2017-09-03 00:00:00+00:00,2017-04-09 00:00:00+00:00,2017-04-18 00:00:00+00:00,True,7.0,0.0,True,False,"layering,rapid_pass_through,repeated_intermediary",EMERGING,62.18
35,fan_out,10,9,RING002,11,1,0.1,0.0909,0.05,0,2017-01-06 00:00:00+00:00,2018-04-11 00:00:00+00:00,2017-01-02 00:00:00+00:00,2017-01-12 00:00:00+00:00,True,6.0,0.0,False,False,"circular_flow,fan_in,rapid_pass_through",OBSERVABLE_RING,54.07
36,fan_out,6,5,RING081,15,1,0.1667,0.0667,0.05,0,2017-02-04 00:00:00+00:00,2017-12-29 00:00:00+00:00,2017-08-23 00:00:00+00:00,2017-09-02 00:00:00+00:00,True,10.0,0.0,False,False,"fan_in,layering,rapid_pass_through",EMERGING,43.88
37,fan_out,7,6,RING011,7,1,0.1429,0.1429,0.0769,0,2017-01-01 00:00:00+00:00,2017-06-30 00:00:00+00:00,2017-01-27 00:00:00+00:00,2017-02-03 00:00:00+00:00,True,7.0,0.0,False,False,"circular_flow,fan_in,rapid_pass_through",OBSERVABLE_RING,65.82
38,fan_out,8,7,RING017,17,1,0.125,0.0588,0.0417,0,2017-01-04 00:00:00+00:00,2017-01-18 00:00:00+00:00,2017-02-15 00:00:00+00:00,2017-02-25 00:00:00+00:00,False,0.0,28.0,False,False,"circular_flow,fan_in",FORMING,47.05
39,fan_out,5,4,RING059,12,1,0.2,0.0833,0.0625,0,2017-03-05 00:00:00+00:00,2017-05-18 00:00:00+00:00,2017-06-06 00:00:00+00:00,2017-06-15 00:00:00+00:00,False,0.0,19.0,False,False,"fan_in,rapid_pass_through,split_merge",EMERGING,51.71
4,fan_in,6,5,RING075,7,1,0.1667,0.1429,0.0833,0,2017-01-01 00:00:00+00:00,2018-01-20 00:00:00+00:00,2017-07-23 00:00:00+00:00,2017-07-30 00:00:00+00:00,True,7.0,0.0,False,False,"circular_flow,fan_in",FORMING,60.1
40,fan_out,6,5,RING054,8,1,0.1667,0.125,0.0769,0,2017-02-13 00:00:00+00:00,2018-08-10 00:00:00+00:00,2017-05-15 00:00:00+00:00,2017-05-25 00:00:00+00:00,True,10.0,0.0,False,False,"circular_flow,fan_in,rapid_pass_through",OBSERVABLE_RING,63.98
41,fan_out,5,4,RING058,37,1,0.2,0.027,0.0244,0,2017-01-30 00:00:00+00:00,2017-06-09 00:00:00+00:00,2017-06-04 00:00:00+00:00,2017-06-13 00:00:00+00:00,True,5.0,0.0,False,False,"fan_in,rapid_pass_through,split_merge",EMERGING,40.86
42,fan_out,9,8,RING048,11,2,0.2222,0.1818,0.1111,1,2017-01-17 00:00:00+00:00,2017-06-22 00:00:00+00:00,2017-04-24 00:00:00+00:00,2017-05-04 00:00:00+00:00,True,10.0,0.0,True,False,"fan_in,rapid_pass_through,repeated_intermediary",EMERGING,55.83
43,fan_out,5,4,RING046,12,1,0.2,0.0833,0.0625,0,2017-02-20 00:00:00+00:00,2017-10-14 00:00:00+00:00,2017-04-23 00:00:00+00:00,2017-04-30 00:00:00+00:00,True,7.0,0.0,False,False,"circular_flow,fan_in",FORMING,49.58
44,fan_out,10,9,RING031,16,1,0.1,0.0625,0.04,0,2017-02-01 00:00:00+00:00,2017-12-06 00:00:00+00:00,2017-03-31 00:00:00+00:00,2017-04-08 00:00:00+00:00,True,8.0,0.0,False,False,"fan_in,rapid_pass_through,split_merge",EMERGING,44.62
45,fan_out,5,4,RING064,30,0,0.0,0.0,0.0,0,2017-07-05 00:00:00+00:00,2018-02-10 00:00:00+00:00,2017-06-28 00:00:00+00:00,2017-07-08 00:00:00+00:00,True,3.0,0.0,False,False,"circular_flow,fan_in",FORMING,40.49
46,fan_out,6,5,RING058,37,1,0.1667,0.027,0.0238,0,2017-01-31 00:00:00+00:00,2017-12-10 00:00:00+00:00,2017-06-04 00:00:00+00:00,2017-06-13 00:00:00+00:00,True,9.0,0.0,False,False,"fan_in,rapid_pass_through,split_merge",EMERGING,40.86
47,fan_out,10,9,RING115,13,1,0.1,0.0769,0.0455,0,2017-04-14 00:00:00+00:00,2018-08-01 00:00:00+00:00,2018-02-20 00:00:00+00:00,2018-02-28 00:00:00+00:00,True,8.0,0.0,False,False,"fan_in,layering,rapid_pass_through",EMERGING,46.8
48,fan_out,6,5,RING023,10,2,0.3333,0.2,0.1429,1,2017-02-06 00:00:00+00:00,2017-03-18 00:00:00+00:00,2017-02-28 00:00:00+00:00,2017-03-10 00:00:00+00:00,True,10.0,0.0,True,False,"fan_in,rapid_pass_through,repeated_intermediary",EMERGING,58.91
49,fan_out,7,6,RING034,10,1,0.1429,0.1,0.0625,0,2017-01-16 00:00:00+00:00,2017-02-17 00:00:00+00:00,2017-04-02 00:00:00+00:00,2017-04-11 00:00:00+00:00,False,0.0,44.0,False,False,"circular_flow,fan_in,rapid_pass_through",OBSERVABLE_RING,54.38
5,fan_in,7,6,RING001,14,0,0.0,0.0,0.0,0,2017-01-02 00:00:00+00:00,2018-07-16 00:00:00+00:00,2017-01-01 00:00:00+00:00,2017-01-09 00:00:00+00:00,True,7.0,0.0,False,False,"circular_flow,fan_in,layering,rapid_pass_through",OBSERVABLE_RING,54.9
50,fan_out,7,6,RING026,10,1,0.1429,0.1,0.0625,0,2017-07-16 00:00:00+00:00,2018-01-23 00:00:00+00:00,2017-03-13 00:00:00+00:00,2017-03-23 00:00:00+00:00,False,0.0,115.0,False,False,"circular_flow,fan_in",FORMING,56.35
51,fan_out,6,5,RING001,14,0,0.0,0.0,0.0,0,2017-01-04 00:00:00+00:00,2017-03-14 00:00:00+00:00,2017-01-01 00:00:00+00:00,2017-01-09 00:00:00+00:00,True,5.0,0.0,False,False,"circular_flow,fan_in,layering,rapid_pass_through",OBSERVABLE_RING,54.9
52,fan_out,9,8,RING127,12,1,0.1111,0.0833,0.05,0,2017-05-20 00:00:00+00:00,2018-08-16 00:00:00+00:00,2018-07-10 00:00:00+00:00,2018-07-20 00:00:00+00:00,True,10.0,0.0,False,False,"fan_in,layering,rapid_pass_through",EMERGING,50.33
53,fan_out,7,6,RING045,11,1,0.1429,0.0909,0.0588,0,2017-03-12 00:00:00+00:00,2017-06-21 00:00:00+00:00,2017-04-19 00:00:00+00:00,2017-04-28 00:00:00+00:00,True,9.0,0.0,False,False,"fan_in,layering",FORMING,46.71
54,fan_out,5,4,RING043,17,0,0.0,0.0,0.0,0,2017-04-23 00:00:00+00:00,2017-07-20 00:00:00+00:00,2017-04-16 00:00:00+00:00,2017-04-25 00:00:00+00:00,True,2.0,0.0,False,False,"circular_flow,fan_in",FORMING,43.77
55,fan_out,9,8,RING062,10,1,0.1111,0.1,0.0556,0,2017-01-05 00:00:00+00:00,2017-08-22 00:00:00+00:00,2017-06-14 00:00:00+00:00,2017-06-21 00:00:00+00:00,True,7.0,0.0,False,False,"circular_flow,fan_in",FORMING,52.81
56,fan_out,5,4,RING029,26,1,0.2,0.0385,0.0333,0,2017-03-04 00:00:00+00:00,2017-05-28 00:00:00+00:00,2017-03-25 00:00:00+00:00,2017-04-04 00:00:00+00:00,True,10.0,0.0,False,False,"fan_in,layering,rapid_pass_through,repeated_intermediary",EMERGING,47.33
57,fan_out,7,6,RING068,14,1,0.1429,0.0714,0.05,0,2017-01-09 00:00:00+00:00,2017-07-21 00:00:00+00:00,2017-07-01 00:00:00+00:00,2017-07-11 00:00:00+00:00,True,10.0,0.0,False,False,"fan_in,layering,rapid_pass_through",EMERGING,46.34
58,fan_out,9,8,RING020,11,3,0.3333,0.2727,0.1765,2,2017-01-18 00:00:00+00:00,2017-04-17 00:00:00+00:00,2017-02-24 00:00:00+00:00,2017-03-04 00:00:00+00:00,True,8.0,0.0,True,False,"fan_in,rapid_pass_through,repeated_intermediary",EMERGING,61.33
59,fan_out,8,7,RING094,20,1,0.125,0.05,0.037,0,2017-03-14 00:00:00+00:00,2018-05-01 00:00:00+00:00,2017-10-30 00:00:00+00:00,2017-11-09 00:00:00+00:00,True,10.0,0.0,False,False,"circular_flow,fan_in,rapid_pass_through",OBSERVABLE_RING,47.23
6,fan_in,9,8,RING056,6,1,0.1111,0.1667,0.0714,0,2017-01-02 00:00:00+00:00,2018-02-12 00:00:00+00:00,2017-05-26 00:00:00+00:00,2017-06-02 00:00:00+00:00,True,7.0,0.0,False,False,"circular_flow,fan_in,rapid_pass_through",OBSERVABLE_RING,67.13
60,cycle,6,6,RING012,29,1,0.1667,0.0345,0.0294,0,2018-02-24 00:00:00+00:00,2018-03-09 00:00:00+00:00,2017-01-31 00:00:00+00:00,2017-02-09 00:00:00+00:00,False,0.0,380.0,False,False,"fan_in,rapid_pass_through,repeated_intermediary",EMERGING,42.33
61,cycle,6,6,RING037,29,1,0.1667,0.0345,0.0294,0,2017-05-13 00:00:00+00:00,2017-05-23 00:00:00+00:00,2017-04-09 00:00:00+00:00,2017-04-19 00:00:00+00:00,False,0.0,24.0,False,False,"fan_in,layering,rapid_pass_through",EMERGING,43.59
62,cycle,10,10,RING092,29,1,0.1,0.0345,0.0263,0,2017-10-01 00:00:00+00:00,2017-10-20 00:00:00+00:00,2017-10-17 00:00:00+00:00,2017-10-27 00:00:00+00:00,True,3.0,0.0,False,False,"fan_in,layering,rapid_pass_through",EMERGING,39.73
63,cycle,8,8,RING126,8,1,0.125,0.125,0.0667,0,2018-07-18 00:00:00+00:00,2018-07-31 00:00:00+00:00,2018-07-01 00:00:00+00:00,2018-07-08 00:00:00+00:00,False,0.0,10.0,False,False,"circular_flow,fan_in",FORMING,55.66
64,cycle,5,3,RING106,12,1,0.2,0.0833,0.0625,0,2018-07-09 00:00:00+00:00,2018-07-10 00:00:00+00:00,2018-01-16 00:00:00+00:00,2018-01-26 00:00:00+00:00,False,0.0,164.0,False,False,"circular_flow,fan_in,rapid_pass_through",OBSERVABLE_RING,54.49
65,cycle,5,5,RING116,10,1,0.2,0.1,0.0714,0,2018-08-08 00:00:00+00:00,2018-08-13 00:00:00+00:00,2018-02-22 00:00:00+00:00,2018-03-02 00:00:00+00:00,False,0.0,159.0,False,False,"fan_in,layering,rapid_pass_through",EMERGING,57.95
66,cycle,6,6,RING096,14,1,0.1667,0.0714,0.0526,0,2018-01-13 00:00:00+00:00,2018-02-01 00:00:00+00:00,2017-11-14 00:00:00+00:00,2017-11-23 00:00:00+00:00,False,0.0,51.0,False,False,"circular_flow,fan_in,rapid_pass_through",OBSERVABLE_RING,50.86
67,cycle,6,6,RING133,20,1,0.1667,0.05,0.04,0,2018-05-19 00:00:00+00:00,2018-05-30 00:00:00+00:00,2018-08-26 00:00:00+00:00,2018-09-04 00:00:00+00:00,False,0.0,88.0,False,False,"fan_in,layering,rapid_pass_through",EMERGING,44.27
68,cycle,6,6,RING075,7,1,0.1667,0.1429,0.0833,0,2017-11-17 00:00:00+00:00,2017-11-22 00:00:00+00:00,2017-07-23 00:00:00+00:00,2017-07-30 00:00:00+00:00,False,0.0,110.0,False,False,"circular_flow,fan_in",FORMING,60.1
69,cycle,9,9,RING024,9,1,0.1111,0.1111,0.0588,0,2017-04-24 00:00:00+00:00,2017-05-11 00:00:00+00:00,2017-03-04 00:00:00+00:00,2017-03-11 00:00:00+00:00,False,0.0,44.0,False,False,"circular_flow,fan_in,rapid_pass_through",OBSERVABLE_RING,58.68
7,fan_in,9,8,RING126,8,1,0.1111,0.125,0.0625,0,2017-01-01 00:00:00+00:00,2018-07-08 00:00:00+00:00,2018-07-01 00:00:00+00:00,2018-07-08 00:00:00+00:00,True,7.0,0.0,False,False,"circular_flow,fan_in",FORMING,55.66
70,cycle,5,5,RING043,17,1,0.2,0.0588,0.0476,0,2018-05-09 00:00:00+00:00,2018-05-27 00:00:00+00:00,2017-04-16 00:00:00+00:00,2017-04-25 00:00:00+00:00,False,0.0,379.0,False,False,"circular_flow,fan_in",FORMING,43.77
71,cycle,8,8,RING084,9,1,0.125,0.1111,0.0625,0,2018-06-27 00:00:00+00:00,2018-07-09 00:00:00+00:00,2017-08-29 00:00:00+00:00,2017-09-05 00:00:00+00:00,False,0.0,295.0,False,False,"circular_flow,fan_in",FORMING,53.46
72,cycle,8,8,RING117,15,1,0.125,0.0667,0.0455,0,2018-12-05 00:00:00+00:00,2018-12-17 00:00:00+00:00,2018-02-25 00:00:00+00:00,2018-03-04 00:00:00+00:00,False,0.0,276.0,False,False,"fan_in,layering,rapid_pass_through",EMERGING,43.42
73,cycle,10,9,RING058,37,1,0.1,0.027,0.0217,0,2018-04-09 00:00:00+00:00,2018-04-23 00:00:00+00:00,2017-06-04 00:00:00+00:00,2017-06-13 00:00:00+00:00,False,0.0,300.0,False,False,"fan_in,rapid_pass_through,split_merge",EMERGING,40.86
74,cycle,10,10,RING033,15,1,0.1,0.0667,0.0417,0,2017-04-25 00:00:00+00:00,2017-05-05 00:00:00+00:00,2017-04-01 00:00:00+00:00,2017-04-08 00:00:00+00:00,False,0.0,17.0,False,False,"fan_in,layering,rapid_pass_through",EMERGING,48.34
75,cycle,5,5,RING121,13,1,0.2,0.0769,0.0588,0,2018-09-10 00:00:00+00:00,2018-09-23 00:00:00+00:00,2018-04-20 00:00:00+00:00,2018-04-28 00:00:00+00:00,False,0.0,135.0,False,False,"fan_in,layering,rapid_pass_through",EMERGING,48.75
76,cycle,6,5,RING124,8,1,0.1667,0.125,0.0769,0,2018-03-13 00:00:00+00:00,2018-03-16 00:00:00+00:00,2018-04-30 00:00:00+00:00,2018-05-05 00:00:00+00:00,False,0.0,45.0,False,False,"circular_flow,fan_in,rapid_pass_through",OBSERVABLE_RING,63.97
77,cycle,8,8,RING086,9,1,0.125,0.1111,0.0625,0,2017-09-11 00:00:00+00:00,2017-09-28 00:00:00+00:00,2017-09-16 00:00:00+00:00,2017-09-23 00:00:00+00:00,True,7.0,0.0,False,False,"circular_flow,fan_in,rapid_pass_through",OBSERVABLE_RING,61.88
78,cycle,10,10,RING080,14,0,0.0,0.0,0.0,0,2017-08-27 00:00:00+00:00,2017-09-01 00:00:00+00:00,2017-08-22 00:00:00+00:00,2017-08-30 00:00:00+00:00,True,3.0,0.0,False,False,"fan_in,layering",FORMING,44.48
79,cycle,10,10,RING102,8,1,0.1,0.125,0.0588,0,2018-04-18 00:00:00+00:00,2018-04-23 00:00:00+00:00,2017-12-18 00:00:00+00:00,2017-12-25 00:00:00+00:00,False,0.0,114.0,False,False,"circular_flow,fan_in,rapid_pass_through",OBSERVABLE_RING,60.58
8,fan_in,10,9,RING007,9,1,0.1,0.1111,0.0556,0,2017-01-01 00:00:00+00:00,2017-05-01 00:00:00+00:00,2017-01-17 00:00:00+00:00,2017-01-27 00:00:00+00:00,True,10.0,0.0,False,False,"circular_flow,fan_in,rapid_pass_through",OBSERVABLE_RING,65.3
80,cycle,10,9,RING105,8,1,0.1,0.125,0.0588,0,2018-11-17 00:00:00+00:00,2018-11-29 00:00:00+00:00,2018-01-11 00:00:00+00:00,2018-01-18 00:00:00+00:00,False,0.0,303.0,False,False,"circular_flow,fan_in",FORMING,60.77
81,cycle,6,5,RING138,9,0,0.0,0.0,0.0,0,2018-10-30 00:00:00+00:00,2018-11-03 00:00:00+00:00,2018-10-22 00:00:00+00:00,2018-10-29 00:00:00+00:00,False,0.0,1.0,False,False,"fan_in,layering,rapid_pass_through",EMERGING,51.68
82,cycle,9,9,RING066,32,1,0.1111,0.0312,0.025,0,2017-09-16 00:00:00+00:00,2017-09-30 00:00:00+00:00,2017-06-29 00:00:00+00:00,2017-07-09 00:00:00+00:00,False,0.0,69.0,False,False,"fan_in,layering,rapid_pass_through",EMERGING,41.48
83,cycle,10,10,RING055,9,1,0.1,0.1111,0.0556,0,2017-05-24 00:00:00+00:00,2017-05-30 00:00:00+00:00,2017-05-23 00:00:00+00:00,2017-05-30 00:00:00+00:00,True,6.0,0.0,False,False,"circular_flow,fan_in",FORMING,57.5
84,cycle,7,7,RING052,23,1,0.1429,0.0435,0.0345,0,2018-07-30 00:00:00+00:00,2018-08-04 00:00:00+00:00,2017-05-08 00:00:00+00:00,2017-05-16 00:00:00+00:00,False,0.0,440.0,False,False,"circular_flow,fan_in,rapid_pass_through",OBSERVABLE_RING,45.2
85,cycle,8,8,RING029,26,1,0.125,0.0385,0.0303,0,2018-02-25 00:00:00+00:00,2018-03-07 00:00:00+00:00,2017-03-25 00:00:00+00:00,2017-04-04 00:00:00+00:00,False,0.0,327.0,False,False,"fan_in,layering,rapid_pass_through,repeated_intermediary",EMERGING,47.33
86,cycle,6,6,RING086,9,0,0.0,0.0,0.0,0,2017-09-22 00:00:00+00:00,2017-10-01 00:00:00+00:00,2017-09-16 00:00:00+00:00,2017-09-23 00:00:00+00:00,True,1.0,0.0,False,False,"circular_flow,fan_in,rapid_pass_through",OBSERVABLE_RING,61.88
87,cycle,9,9,RING126,8,0,0.0,0.0,0.0,0,2018-06-13 00:00:00+00:00,2018-06-27 00:00:00+00:00,2018-07-01 00:00:00+00:00,2018-07-08 00:00:00+00:00,False,0.0,4.0,False,False,"circular_flow,fan_in",FORMING,55.66
88,cycle,9,9,RING066,32,1,0.1111,0.0312,0.025,0,2018-11-30 00:00:00+00:00,2018-12-19 00:00:00+00:00,2017-06-29 00:00:00+00:00,2017-07-09 00:00:00+00:00,False,0.0,509.0,False,False,"fan_in,layering,rapid_pass_through",EMERGING,41.48
89,cycle,7,7,RING046,12,1,0.1429,0.0833,0.0556,0,2017-05-26 00:00:00+00:00,2017-06-13 00:00:00+00:00,2017-04-23 00:00:00+00:00,2017-04-30 00:00:00+00:00,False,0.0,26.0,False,False,"circular_flow,fan_in",FORMING,49.58
9,fan_in,5,4,RING016,9,1,0.2,0.1111,0.0769,0,2017-01-02 00:00:00+00:00,2018-04-18 00:00:00+00:00,2017-02-13 00:00:00+00:00,2017-02-22 00:00:00+00:00,True,9.0,0.0,False,False,"fan_in,layering,rapid_pass_through",EMERGING,50.28
90,cycle,7,7,RING098,25,1,0.1429,0.04,0.0323,0,2018-01-13 00:00:00+00:00,2018-01-31 00:00:00+00:00,2017-11-23 00:00:00+00:00,2017-12-03 00:00:00+00:00,False,0.0,41.0,False,False,"circular_flow,fan_in,layering,rapid_pass_through",OBSERVABLE_RING,48.36
91,cycle,8,8,RING043,17,0,0.0,0.0,0.0,0,2017-04-24 00:00:00+00:00,2017-04-30 00:00:00+00:00,2017-04-16 00:00:00+00:00,2017-04-25 00:00:00+00:00,True,1.0,0.0,False,False,"circular_flow,fan_in",FORMING,43.77
92,cycle,6,6,RING137,9,0,0.0,0.0,0.0,0,2018-09-26 00:00:00+00:00,2018-10-12 00:00:00+00:00,2018-10-12 00:00:00+00:00,2018-10-20 00:00:00+00:00,True,0.0,0.0,False,False,"fan_in,layering,rapid_pass_through",EMERGING,56.78
93,cycle,5,5,RING030,15,1,0.2,0.0667,0.0526,0,2018-10-10 00:00:00+00:00,2018-10-24 00:00:00+00:00,2017-03-29 00:00:00+00:00,2017-04-07 00:00:00+00:00,False,0.0,551.0,False,False,"fan_in,rapid_pass_through,split_merge",EMERGING,47.62
94,cycle,7,7,RING066,32,1,0.1429,0.0312,0.0263,0,2017-10-24 00:00:00+00:00,2017-11-04 00:00:00+00:00,2017-06-29 00:00:00+00:00,2017-07-09 00:00:00+00:00,False,0.0,107.0,False,False,"fan_in,layering,rapid_pass_through",EMERGING,41.48
95,cycle,9,9,RING131,9,1,0.1111,0.1111,0.0588,0,2018-10-30 00:00:00+00:00,2018-11-09 00:00:00+00:00,2018-08-31 00:00:00+00:00,2018-09-05 00:00:00+00:00,False,0.0,55.0,False,False,"fan_in,layering,rapid_pass_through",EMERGING,56.6
96,cycle,8,8,RING098,25,1,0.125,0.04,0.0312,0,2017-05-31 00:00:00+00:00,2017-06-14 00:00:00+00:00,2017-11-23 00:00:00+00:00,2017-12-03 00:00:00+00:00,False,0.0,162.0,False,False,"circular_flow,fan_in,layering,rapid_pass_through",OBSERVABLE_RING,48.36
97,cycle,6,6,RING065,17,1,0.1667,0.0588,0.0455,0,2017-02-13 00:00:00+00:00,2017-02-20 00:00:00+00:00,2017-06-28 00:00:00+00:00,2017-07-08 00:00:00+00:00,False,0.0,128.0,False,False,"circular_flow,fan_in,rapid_pass_through",OBSERVABLE_RING,48.1
98,cycle,6,6,RING095,10,1,0.1667,0.1,0.0667,0,2018-07-19 00:00:00+00:00,2018-07-26 00:00:00+00:00,2017-11-03 00:00:00+00:00,2017-11-10 00:00:00+00:00,False,0.0,251.0,False,False,"circular_flow,fan_in",FORMING,53.2
99,cycle,7,7,RING040,20,1,0.1429,0.05,0.0385,0,2017-05-21 00:00:00+00:00,2017-06-03 00:00:00+00:00,2017-04-11 00:00:00+00:00,2017-04-19 00:00:00+00:00,False,0.0,32.0,False,False,"fan_in,rapid_pass_through,repeated_intermediary",EMERGING,42.88
