candidate_ring_id,n_accounts,n_aml_accounts,aml_overlap_ratio,patterns,formation_stage,source_trajectory_id
RING001,17,1,0.0588,"circular_flow,fan_in,layering,rapid_pass_through",OBSERVABLE_RING,TRAJ0016
RING002,12,2,0.1667,"fan_in,layering,rapid_pass_through",EMERGING,TRAJ0028
RING003,13,2,0.1538,"circular_flow,fan_in,rapid_pass_through",OBSERVABLE_RING,TRAJ0043
RING004,28,5,0.1786,"circular_flow,fan_in,rapid_pass_through",OBSERVABLE_RING,TRAJ0048
RING005,19,1,0.0526,"fan_in,layering,rapid_pass_through",EMERGING,TRAJ0091
RING006,13,2,0.1538,"circular_flow,fan_in,rapid_pass_through",OBSERVABLE_RING,TRAJ0145
RING007,24,1,0.0417,"fan_in,layering,rapid_pass_through",EMERGING,TRAJ0154
RING008,13,3,0.2308,"circular_flow,fan_in,rapid_pass_through",OBSERVABLE_RING,TRAJ0174
RING009,12,2,0.1667,"fan_in,layering,rapid_pass_through",EMERGING,TRAJ0191
RING010,9,2,0.2222,"circular_flow,fan_in,rapid_pass_through",OBSERVABLE_RING,TRAJ0210
RING011,16,4,0.25,"circular_flow,fan_in,rapid_pass_through",OBSERVABLE_RING,TRAJ0292
RING012,18,1,0.0556,"circular_flow,fan_in,rapid_pass_through",OBSERVABLE_RING,TRAJ0319
RING013,10,3,0.3,"fan_in,layering,rapid_pass_through",EMERGING,TRAJ0321
RING014,13,3,0.2308,"circular_flow,fan_in,rapid_pass_through",OBSERVABLE_RING,TRAJ0377
RING015,9,1,0.1111,"circular_flow,fan_in,rapid_pass_through",OBSERVABLE_RING,TRAJ0389
RING016,13,1,0.0769,"circular_flow,fan_in,rapid_pass_through",OBSERVABLE_RING,TRAJ0410
RING017,19,4,0.2105,"circular_flow,fan_in,rapid_pass_through",OBSERVABLE_RING,TRAJ0416
RING018,10,1,0.1,"circular_flow,fan_in,rapid_pass_through",OBSERVABLE_RING,TRAJ0473
RING019,12,2,0.1667,"circular_flow,fan_in,rapid_pass_through",OBSERVABLE_RING,TRAJ0506
RING020,7,1,0.1429,"circular_flow,fan_in,rapid_pass_through",OBSERVABLE_RING,TRAJ0535
RING021,13,2,0.1538,"circular_flow,fan_in,rapid_pass_through",OBSERVABLE_RING,TRAJ0536
RING022,25,3,0.12,"fan_in,layering,rapid_pass_through",EMERGING,TRAJ0630
RING023,19,3,0.1579,"fan_in,rapid_pass_through,split_merge",EMERGING,TRAJ0657
RING024,17,2,0.1176,"fan_in,rapid_pass_through,split_merge",EMERGING,TRAJ0677
RING025,10,1,0.1,"circular_flow,fan_in,rapid_pass_through",OBSERVABLE_RING,TRAJ0678
RING026,16,2,0.125,"fan_in,layering,rapid_pass_through",EMERGING,TRAJ0680
RING027,11,1,0.0909,"circular_flow,fan_in,rapid_pass_through",OBSERVABLE_RING,TRAJ0694
RING028,11,1,0.0909,"fan_in,rapid_pass_through,split_merge",EMERGING,TRAJ0699
RING029,33,6,0.1818,"fan_in,layering,rapid_pass_through",EMERGING,TRAJ0736
RING030,11,1,0.0909,"circular_flow,fan_in,rapid_pass_through",OBSERVABLE_RING,TRAJ0742
RING031,26,4,0.1538,"fan_in,layering,rapid_pass_through",EMERGING,TRAJ0756
RING032,36,2,0.0556,"fan_in,layering,rapid_pass_through",EMERGING,TRAJ0768
RING033,21,1,0.0476,"circular_flow,fan_in,rapid_pass_through",OBSERVABLE_RING,TRAJ0783
RING034,12,2,0.1667,"fan_in,rapid_pass_through,split_merge",EMERGING,TRAJ0810
RING035,13,3,0.2308,"fan_in,layering,rapid_pass_through",EMERGING,TRAJ0816
RING036,14,4,0.2857,"circular_flow,fan_in,rapid_pass_through",OBSERVABLE_RING,TRAJ0840
RING037,12,0,0.0,"fan_in,layering,rapid_pass_through",EMERGING,TRAJ0841
RING038,35,3,0.0857,"fan_in,layering,rapid_pass_through",EMERGING,TRAJ0904
RING039,14,2,0.1429,"fan_in,layering,rapid_pass_through",EMERGING,TRAJ0927
RING040,10,0,0.0,"fan_in,layering,rapid_pass_through",EMERGING,TRAJ0937
RING041,25,2,0.08,"circular_flow,fan_in,rapid_pass_through",OBSERVABLE_RING,TRAJ0955
RING042,10,0,0.0,"fan_in,layering,rapid_pass_through",EMERGING,TRAJ0980
RING043,11,2,0.1818,"circular_flow,fan_in,rapid_pass_through",OBSERVABLE_RING,TRAJ1009
RING044,13,0,0.0,"circular_flow,fan_in,rapid_pass_through",OBSERVABLE_RING,TRAJ1026
RING045,12,2,0.1667,"circular_flow,fan_in,rapid_pass_through",OBSERVABLE_RING,TRAJ1038
RING046,9,2,0.2222,"circular_flow,fan_in,rapid_pass_through",OBSERVABLE_RING,TRAJ1048
RING047,9,1,0.1111,"fan_in,rapid_pass_through,split_merge",EMERGING,TRAJ1049
RING048,9,3,0.3333,"circular_flow,fan_in",FORMING,TRAJ1066
RING049,15,1,0.0667,"circular_flow,fan_in,rapid_pass_through",OBSERVABLE_RING,TRAJ1115
RING050,40,3,0.075,"fan_in,rapid_pass_through,split_merge",EMERGING,TRAJ1139
RING051,17,4,0.2353,"circular_flow,fan_in,rapid_pass_through",OBSERVABLE_RING,TRAJ1185
RING052,13,3,0.2308,"circular_flow,fan_in,rapid_pass_through",OBSERVABLE_RING,TRAJ1214
RING053,15,1,0.0667,"fan_in,rapid_pass_through,split_merge",EMERGING,TRAJ1283
RING054,47,6,0.1277,"fan_in,layering,rapid_pass_through",EMERGING,TRAJ1297
RING055,28,4,0.1429,"circular_flow,fan_in,rapid_pass_through",OBSERVABLE_RING,TRAJ1317
RING056,20,4,0.2,"circular_flow,fan_in,rapid_pass_through",OBSERVABLE_RING,TRAJ1325
RING057,10,2,0.2,"fan_in,layering,rapid_pass_through",EMERGING,TRAJ1330
RING058,16,3,0.1875,"fan_in,layering,rapid_pass_through",EMERGING,TRAJ1338
RING059,24,3,0.125,"circular_flow,fan_in,rapid_pass_through",OBSERVABLE_RING,TRAJ1397
RING060,10,0,0.0,"circular_flow,fan_in,rapid_pass_through",OBSERVABLE_RING,TRAJ1420
RING061,14,0,0.0,"fan_in,layering,rapid_pass_through",EMERGING,TRAJ1432
RING062,12,1,0.0833,"fan_in,layering,rapid_pass_through",EMERGING,TRAJ1441
RING063,10,3,0.3,"circular_flow,fan_in,rapid_pass_through",OBSERVABLE_RING,TRAJ1454
RING064,12,1,0.0833,"fan_in,layering,rapid_pass_through",EMERGING,TRAJ1483
RING065,8,2,0.25,"circular_flow,fan_in,rapid_pass_through",OBSERVABLE_RING,TRAJ1497
RING066,18,4,0.2222,"fan_in,rapid_pass_through,repeated_intermediary",EMERGING,TRAJ1520
RING067,11,0,0.0,"fan_in,rapid_pass_through,split_merge",EMERGING,TRAJ1579
RING068,15,0,0.0,"fan_in,rapid_pass_through,split_merge",EMERGING,TRAJ1597
RING069,18,0,0.0,"fan_in,rapid_pass_through,split_merge",EMERGING,TRAJ1662
RING070,11,0,0.0,"fan_in,rapid_pass_through,split_merge",EMERGING,TRAJ1710
RING071,16,0,0.0,"fan_in,layering,rapid_pass_through",EMERGING,TRAJ1722
RING072,16,2,0.125,"fan_in,layering,rapid_pass_through",EMERGING,TRAJ1727
RING073,19,5,0.2632,"circular_flow,fan_in,layering,rapid_pass_through",OBSERVABLE_RING,TRAJ1732
RING074,11,1,0.0909,"circular_flow,fan_in,layering,rapid_pass_through",OBSERVABLE_RING,TRAJ1754
RING075,12,5,0.4167,"circular_flow,fan_in,rapid_pass_through",OBSERVABLE_RING,TRAJ1756
RING076,12,2,0.1667,"circular_flow,fan_in,rapid_pass_through",OBSERVABLE_RING,TRAJ1881
RING077,14,3,0.2143,"circular_flow,fan_in,rapid_pass_through",OBSERVABLE_RING,TRAJ1927
RING078,10,2,0.2,"circular_flow,fan_in,rapid_pass_through",OBSERVABLE_RING,TRAJ1974
RING079,12,1,0.0833,"fan_in,rapid_pass_through,split_merge",EMERGING,TRAJ2005
RING080,14,2,0.1429,"fan_in,layering,rapid_pass_through",EMERGING,TRAJ2034
RING081,15,3,0.2,"circular_flow,fan_in,rapid_pass_through",OBSERVABLE_RING,TRAJ2057
RING082,33,6,0.1818,"fan_in,layering,rapid_pass_through",EMERGING,TRAJ2103
RING083,12,4,0.3333,"circular_flow,fan_in,rapid_pass_through",OBSERVABLE_RING,TRAJ2143
RING084,8,2,0.25,"fan_in,layering,rapid_pass_through",EMERGING,TRAJ2171
RING085,13,3,0.2308,"circular_flow,fan_in,rapid_pass_through",OBSERVABLE_RING,TRAJ2198
RING086,15,4,0.2667,"circular_flow,fan_in,rapid_pass_through",OBSERVABLE_RING,TRAJ2264
RING087,11,1,0.0909,"circular_flow,fan_in,rapid_pass_through",OBSERVABLE_RING,TRAJ2324
RING088,18,8,0.4444,"circular_flow,fan_in,rapid_pass_through",OBSERVABLE_RING,TRAJ2339
RING089,25,4,0.16,"circular_flow,fan_in,layering,rapid_pass_through",OBSERVABLE_RING,TRAJ2342
RING090,12,2,0.1667,"fan_in,layering,rapid_pass_through",EMERGING,TRAJ2351
RING091,12,2,0.1667,"fan_in,rapid_pass_through,repeated_intermediary",EMERGING,TRAJ2370
RING092,11,2,0.1818,"circular_flow,fan_in,rapid_pass_through",OBSERVABLE_RING,TRAJ2373
RING093,10,2,0.2,"circular_flow,fan_in,rapid_pass_through",OBSERVABLE_RING,TRAJ2456
RING094,8,1,0.125,"circular_flow,fan_in,rapid_pass_through",OBSERVABLE_RING,TRAJ2473
RING095,9,2,0.2222,"circular_flow,fan_in,rapid_pass_through",OBSERVABLE_RING,TRAJ2474
RING096,14,4,0.2857,"circular_flow,fan_in,rapid_pass_through",OBSERVABLE_RING,TRAJ2574
RING097,9,2,0.2222,"circular_flow,fan_in,rapid_pass_through",OBSERVABLE_RING,TRAJ2587
RING098,12,3,0.25,"fan_in,rapid_pass_through,repeated_intermediary",EMERGING,TRAJ2595
RING099,17,3,0.1765,"fan_in,layering,rapid_pass_through",EMERGING,TRAJ2603
RING100,9,1,0.1111,"circular_flow,fan_in,rapid_pass_through",OBSERVABLE_RING,TRAJ2626
RING101,12,2,0.1667,"fan_in,rapid_pass_through,repeated_intermediary",EMERGING,TRAJ2637
RING102,24,4,0.1667,"fan_in,layering,rapid_pass_through",EMERGING,TRAJ2641
RING103,9,1,0.1111,"circular_flow,fan_in,rapid_pass_through",OBSERVABLE_RING,TRAJ2647
RING104,9,2,0.2222,"fan_in,rapid_pass_through,repeated_intermediary",EMERGING,TRAJ2658
RING105,9,1,0.1111,"fan_in,layering,rapid_pass_through",EMERGING,TRAJ2685
RING106,24,2,0.0833,"fan_in,layering,rapid_pass_through",EMERGING,TRAJ2687
RING107,10,1,0.1,"circular_flow,fan_in,rapid_pass_through",OBSERVABLE_RING,TRAJ2712
RING108,9,1,0.1111,"fan_in,rapid_pass_through,repeated_intermediary",EMERGING,TRAJ2713
RING109,9,1,0.1111,"fan_in,layering,rapid_pass_through",EMERGING,TRAJ2716
RING110,12,5,0.4167,"fan_in,rapid_pass_through,repeated_intermediary",EMERGING,TRAJ2773
RING111,10,2,0.2,"fan_in,layering,rapid_pass_through",EMERGING,TRAJ2778
RING112,11,4,0.3636,"fan_in,layering,rapid_pass_through",EMERGING,TRAJ2784
RING113,16,2,0.125,"fan_in,layering,rapid_pass_through",EMERGING,TRAJ2793
RING114,13,1,0.0769,"fan_in,layering,rapid_pass_through",EMERGING,TRAJ2795
RING115,15,4,0.2667,"circular_flow,fan_in,rapid_pass_through",OBSERVABLE_RING,TRAJ2797
RING116,22,5,0.2273,"fan_in,rapid_pass_through,repeated_intermediary",EMERGING,TRAJ2803
RING117,17,1,0.0588,"fan_in,layering,rapid_pass_through",EMERGING,TRAJ2838
RING118,19,1,0.0526,"fan_in,layering,rapid_pass_through",EMERGING,TRAJ2842
RING119,13,0,0.0,"circular_flow,fan_in,rapid_pass_through",OBSERVABLE_RING,TRAJ2940
RING120,20,3,0.15,"fan_in,rapid_pass_through,repeated_intermediary",EMERGING,TRAJ2949
RING121,15,4,0.2667,"fan_in,layering,rapid_pass_through",EMERGING,TRAJ2986
RING122,20,4,0.2,"fan_in,layering,rapid_pass_through",EMERGING,TRAJ2991
RING123,24,8,0.3333,"fan_in,rapid_pass_through,repeated_intermediary",EMERGING,TRAJ3017
RING124,88,15,0.1705,"fan_in,rapid_pass_through,repeated_intermediary",EMERGING,TRAJ3018
RING125,9,0,0.0,"circular_flow,fan_in,rapid_pass_through",OBSERVABLE_RING,TRAJ3021
RING126,11,1,0.0909,"circular_flow,fan_in,rapid_pass_through",OBSERVABLE_RING,TRAJ3024
RING127,12,0,0.0,"fan_in,rapid_pass_through,repeated_intermediary",EMERGING,TRAJ3037
RING128,10,1,0.1,"fan_in,rapid_pass_through,repeated_intermediary",EMERGING,TRAJ3073
RING129,18,2,0.1111,"fan_in,rapid_pass_through,repeated_intermediary",EMERGING,TRAJ3076
RING130,29,5,0.1724,"fan_in,rapid_pass_through,repeated_intermediary",EMERGING,TRAJ3091
RING131,18,0,0.0,"circular_flow,fan_in,rapid_pass_through",OBSERVABLE_RING,TRAJ3114
RING132,51,15,0.2941,"fan_in,rapid_pass_through,repeated_intermediary",EMERGING,TRAJ3161
RING133,24,8,0.3333,"fan_in,rapid_pass_through,repeated_intermediary",EMERGING,TRAJ3177
RING134,17,1,0.0588,"fan_in,rapid_pass_through,repeated_intermediary",EMERGING,TRAJ3184
RING135,12,4,0.3333,"circular_flow,fan_in,rapid_pass_through",OBSERVABLE_RING,TRAJ3187
RING136,14,2,0.1429,"fan_in,rapid_pass_through,repeated_intermediary",EMERGING,TRAJ3196
RING137,8,2,0.25,"circular_flow,fan_in",FORMING,TRAJ3199
RING138,15,2,0.1333,"circular_flow,fan_in,rapid_pass_through",OBSERVABLE_RING,TRAJ3202
RING139,12,2,0.1667,"fan_in,rapid_pass_through,repeated_intermediary",EMERGING,TRAJ3209
RING140,14,3,0.2143,"circular_flow,fan_in,rapid_pass_through,repeated_intermediary",OBSERVABLE_RING,TRAJ3216
RING141,15,5,0.3333,"fan_in,layering,rapid_pass_through",EMERGING,TRAJ3221
RING142,10,2,0.2,"fan_in,rapid_pass_through,repeated_intermediary",EMERGING,TRAJ3224
RING143,14,5,0.3571,"fan_in,rapid_pass_through,repeated_intermediary",EMERGING,TRAJ3226
RING144,8,2,0.25,"fan_in,rapid_pass_through,repeated_intermediary",EMERGING,TRAJ3228
RING145,10,1,0.1,"fan_in,layering,rapid_pass_through",EMERGING,TRAJ3231
RING146,18,5,0.2778,"fan_in,rapid_pass_through,repeated_intermediary",EMERGING,TRAJ3249
RING147,9,0,0.0,"fan_in,rapid_pass_through,repeated_intermediary",EMERGING,TRAJ3253
RING148,16,3,0.1875,"fan_in,rapid_pass_through,repeated_intermediary",EMERGING,TRAJ3257
RING149,8,0,0.0,"fan_in,rapid_pass_through,repeated_intermediary",EMERGING,TRAJ3264
RING150,16,2,0.125,"circular_flow,rapid_pass_through,repeated_intermediary",OBSERVABLE_RING,TRAJ3268
RING151,22,5,0.2273,"fan_in,rapid_pass_through,repeated_intermediary",EMERGING,TRAJ3272
RING152,44,6,0.1364,"fan_in,rapid_pass_through,repeated_intermediary",EMERGING,TRAJ3278
RING153,19,2,0.1053,"fan_in,layering,rapid_pass_through,repeated_intermediary",EMERGING,TRAJ3289
RING154,8,1,0.125,"fan_in,rapid_pass_through,repeated_intermediary",EMERGING,TRAJ3302
RING155,16,5,0.3125,"fan_in,rapid_pass_through,repeated_intermediary",EMERGING,TRAJ3305
RING156,40,8,0.2,"fan_in,layering,rapid_pass_through,repeated_intermediary",EMERGING,TRAJ3306
RING157,45,8,0.1778,"fan_in,rapid_pass_through,repeated_intermediary",EMERGING,TRAJ3306
RING158,9,1,0.1111,"fan_in,rapid_pass_through,repeated_intermediary",EMERGING,TRAJ3310
RING159,7,0,0.0,"fan_in,rapid_pass_through,repeated_intermediary",EMERGING,TRAJ3311
RING160,11,2,0.1818,"fan_in,rapid_pass_through,repeated_intermediary",EMERGING,TRAJ3315
RING161,29,4,0.1379,"fan_in,rapid_pass_through,repeated_intermediary",EMERGING,TRAJ3316
RING162,28,3,0.1071,"fan_in,rapid_pass_through,repeated_intermediary",EMERGING,TRAJ3316
RING163,33,10,0.303,"fan_in,layering,rapid_pass_through,repeated_intermediary",EMERGING,TRAJ3319
RING164,20,1,0.05,"fan_in,rapid_pass_through,repeated_intermediary",EMERGING,TRAJ3322
RING165,18,4,0.2222,"fan_in,rapid_pass_through,repeated_intermediary",EMERGING,TRAJ3322
RING166,9,0,0.0,"fan_in,layering,rapid_pass_through",EMERGING,TRAJ3328
RING167,30,7,0.2333,"fan_in,rapid_pass_through,repeated_intermediary",EMERGING,TRAJ3328
RING168,13,1,0.0769,"fan_in,rapid_pass_through,repeated_intermediary",EMERGING,TRAJ3328
RING169,18,5,0.2778,"fan_in,rapid_pass_through,repeated_intermediary",EMERGING,TRAJ3331
RING170,13,0,0.0,"circular_flow,fan_in,rapid_pass_through",OBSERVABLE_RING,TRAJ3339
RING171,13,3,0.2308,"fan_in,rapid_pass_through,repeated_intermediary",EMERGING,TRAJ3340
RING172,34,8,0.2353,"fan_in,rapid_pass_through,repeated_intermediary",EMERGING,TRAJ3342
RING173,7,1,0.1429,"fan_in,rapid_pass_through,repeated_intermediary",EMERGING,TRAJ3346
RING174,20,9,0.45,"fan_in,rapid_pass_through,repeated_intermediary",EMERGING,TRAJ3351
RING175,9,2,0.2222,"fan_in,rapid_pass_through,repeated_intermediary",EMERGING,TRAJ3353
RING176,21,8,0.381,"fan_in,rapid_pass_through,repeated_intermediary",EMERGING,TRAJ3359
RING177,22,5,0.2273,"fan_in,rapid_pass_through,repeated_intermediary",EMERGING,TRAJ3363
RING178,8,1,0.125,"fan_in,rapid_pass_through,repeated_intermediary",EMERGING,TRAJ3366
RING179,10,1,0.1,"fan_in,rapid_pass_through,repeated_intermediary",EMERGING,TRAJ3375
RING180,21,2,0.0952,"fan_in,rapid_pass_through,repeated_intermediary",EMERGING,TRAJ3376
RING181,51,5,0.098,"fan_in,rapid_pass_through,repeated_intermediary",EMERGING,TRAJ3378
RING182,7,2,0.2857,"fan_in,rapid_pass_through,repeated_intermediary",EMERGING,TRAJ3385
RING183,14,1,0.0714,"fan_in,rapid_pass_through,repeated_intermediary",EMERGING,TRAJ3389
RING184,6,1,0.1667,"circular_flow,fan_in,rapid_pass_through,repeated_intermediary",OBSERVABLE_RING,TRAJ3390
RING185,64,14,0.2188,"fan_in,rapid_pass_through,repeated_intermediary",EMERGING,TRAJ3392
RING186,16,2,0.125,"fan_in,rapid_pass_through,repeated_intermediary",EMERGING,TRAJ3392
RING187,75,13,0.1733,"fan_in,rapid_pass_through,repeated_intermediary",EMERGING,TRAJ3408
RING188,55,9,0.1636,"circular_flow,fan_in,rapid_pass_through,repeated_intermediary",OBSERVABLE_RING,TRAJ3410
RING189,28,4,0.1429,"fan_in,rapid_pass_through,repeated_intermediary",EMERGING,TRAJ3417
RING190,11,1,0.0909,"fan_in,layering,rapid_pass_through",EMERGING,TRAJ3419
RING191,16,3,0.1875,"fan_in,rapid_pass_through,repeated_intermediary",EMERGING,TRAJ3429
RING192,76,11,0.1447,"fan_in,rapid_pass_through,repeated_intermediary",EMERGING,TRAJ3432
RING193,20,6,0.3,"fan_in,rapid_pass_through,repeated_intermediary",EMERGING,TRAJ3434
RING194,18,2,0.1111,"fan_in,rapid_pass_through,repeated_intermediary",EMERGING,TRAJ3434
RING195,18,2,0.1111,"fan_in,rapid_pass_through,repeated_intermediary",EMERGING,TRAJ3440
RING196,25,8,0.32,"fan_in,rapid_pass_through,repeated_intermediary",EMERGING,TRAJ3444
RING197,8,1,0.125,"fan_in,layering,rapid_pass_through",EMERGING,TRAJ3445
RING198,40,8,0.2,"fan_in,rapid_pass_through,repeated_intermediary",EMERGING,TRAJ3446
RING199,44,8,0.1818,"fan_in,rapid_pass_through,repeated_intermediary",EMERGING,TRAJ3451
RING200,13,1,0.0769,"fan_in,layering,rapid_pass_through",EMERGING,TRAJ3453
RING201,39,6,0.1538,"fan_in,rapid_pass_through,repeated_intermediary",EMERGING,TRAJ3454
RING202,39,5,0.1282,"fan_in,rapid_pass_through,repeated_intermediary",EMERGING,TRAJ3454
RING203,66,7,0.1061,"fan_in,rapid_pass_through,repeated_intermediary",EMERGING,TRAJ3455
RING204,44,19,0.4318,"fan_in,rapid_pass_through,repeated_intermediary",EMERGING,TRAJ3459
RING205,57,14,0.2456,"fan_in,rapid_pass_through,repeated_intermediary",EMERGING,TRAJ3460
RING206,88,16,0.1818,"fan_in,rapid_pass_through,repeated_intermediary",EMERGING,TRAJ3461
RING207,20,3,0.15,"fan_in,rapid_pass_through,repeated_intermediary",EMERGING,TRAJ3462
RING208,85,15,0.1765,"fan_in,rapid_pass_through,repeated_intermediary",EMERGING,TRAJ3465
RING209,32,7,0.2188,"fan_in,rapid_pass_through,repeated_intermediary",EMERGING,TRAJ3469
RING210,6,2,0.3333,"fan_in,rapid_pass_through,repeated_intermediary",EMERGING,TRAJ3477
RING211,70,17,0.2429,"fan_in,rapid_pass_through,repeated_intermediary",EMERGING,TRAJ3481
RING212,19,4,0.2105,"fan_in,rapid_pass_through,repeated_intermediary",EMERGING,TRAJ3482
RING213,9,2,0.2222,"fan_in,rapid_pass_through,repeated_intermediary",EMERGING,TRAJ3486
RING214,23,5,0.2174,"fan_in,rapid_pass_through,repeated_intermediary",EMERGING,TRAJ3487
RING215,68,13,0.1912,"fan_in,rapid_pass_through,repeated_intermediary",EMERGING,TRAJ3487
RING216,3,0,0.0,"circular_flow,rapid_pass_through,repeated_intermediary",OBSERVABLE_RING,TRAJ3488
RING217,97,19,0.1959,"fan_in,rapid_pass_through,repeated_intermediary",EMERGING,TRAJ3490
RING218,21,1,0.0476,"fan_in,rapid_pass_through,repeated_intermediary",EMERGING,TRAJ3491
RING219,88,10,0.1136,"fan_in,rapid_pass_through,repeated_intermediary",EMERGING,TRAJ3492
RING220,66,9,0.1364,"fan_in,rapid_pass_through,repeated_intermediary",EMERGING,TRAJ3493
RING221,10,3,0.3,"fan_in,rapid_pass_through,repeated_intermediary",EMERGING,TRAJ3496
RING222,6,0,0.0,"fan_in,rapid_pass_through,repeated_intermediary",EMERGING,TRAJ3498
RING223,9,4,0.4444,"circular_flow,rapid_pass_through,repeated_intermediary",OBSERVABLE_RING,TRAJ3500
RING224,24,6,0.25,"fan_in,rapid_pass_through,repeated_intermediary",EMERGING,TRAJ3500
RING225,19,3,0.1579,"fan_in,rapid_pass_through,repeated_intermediary",EMERGING,TRAJ3502
RING226,67,11,0.1642,"fan_in,rapid_pass_through,repeated_intermediary",EMERGING,TRAJ3502
RING227,95,14,0.1474,"fan_in,rapid_pass_through,repeated_intermediary",EMERGING,TRAJ3504
RING228,93,19,0.2043,"fan_in,rapid_pass_through,repeated_intermediary",EMERGING,TRAJ3505
RING229,12,1,0.0833,"circular_flow,rapid_pass_through,repeated_intermediary",OBSERVABLE_RING,TRAJ3505
RING230,66,13,0.197,"fan_in,rapid_pass_through,repeated_intermediary",EMERGING,TRAJ3510
RING231,76,12,0.1579,"fan_in,rapid_pass_through,repeated_intermediary",EMERGING,TRAJ3513
RING232,32,2,0.0625,"fan_in,rapid_pass_through,repeated_intermediary",EMERGING,TRAJ3513
RING233,24,2,0.0833,"fan_in,rapid_pass_through,repeated_intermediary",EMERGING,TRAJ3515
RING234,10,0,0.0,"fan_in,rapid_pass_through,repeated_intermediary",EMERGING,TRAJ3520
RING235,93,14,0.1505,"fan_in,rapid_pass_through,repeated_intermediary",EMERGING,TRAJ3521
RING236,32,3,0.0938,"fan_in,rapid_pass_through,repeated_intermediary",EMERGING,TRAJ3526
RING237,93,15,0.1613,"fan_in,rapid_pass_through,repeated_intermediary",EMERGING,TRAJ3528
RING238,100,21,0.21,"fan_in,rapid_pass_through,repeated_intermediary",EMERGING,TRAJ3529
RING239,81,16,0.1975,"fan_in,rapid_pass_through,repeated_intermediary",EMERGING,TRAJ3530
RING240,88,12,0.1364,"fan_in,rapid_pass_through,repeated_intermediary",EMERGING,TRAJ3532
RING241,98,15,0.1531,"fan_in,rapid_pass_through,repeated_intermediary",EMERGING,TRAJ3534
RING242,100,17,0.17,"fan_in,rapid_pass_through,repeated_intermediary",EMERGING,TRAJ3541
RING243,100,18,0.18,"fan_in,rapid_pass_through,repeated_intermediary",EMERGING,TRAJ3542
RING244,70,9,0.1286,"fan_in,rapid_pass_through,repeated_intermediary",EMERGING,TRAJ3552
RING245,97,23,0.2371,"circular_flow,rapid_pass_through,repeated_intermediary",OBSERVABLE_RING,TRAJ3553
RING246,82,19,0.2317,"fan_in,rapid_pass_through,repeated_intermediary",EMERGING,TRAJ3554
RING247,81,17,0.2099,"fan_in,rapid_pass_through,repeated_intermediary",EMERGING,TRAJ3556
RING248,84,19,0.2262,"fan_in,rapid_pass_through,repeated_intermediary",EMERGING,TRAJ3557
RING249,65,11,0.1692,"fan_in,rapid_pass_through,repeated_intermediary",EMERGING,TRAJ3560
RING250,54,9,0.1667,"fan_in,rapid_pass_through,repeated_intermediary",EMERGING,TRAJ3562
RING251,90,17,0.1889,"fan_in,rapid_pass_through,repeated_intermediary",EMERGING,TRAJ3564
RING252,71,12,0.169,"fan_in,rapid_pass_through,repeated_intermediary",EMERGING,TRAJ3571
RING253,100,14,0.14,"fan_in,rapid_pass_through,repeated_intermediary",EMERGING,TRAJ3572
RING254,30,6,0.2,"circular_flow,rapid_pass_through,repeated_intermediary",OBSERVABLE_RING,TRAJ3573
RING255,81,17,0.2099,"fan_in,rapid_pass_through,repeated_intermediary",EMERGING,TRAJ3573
RING256,86,10,0.1163,"fan_in,rapid_pass_through,repeated_intermediary",EMERGING,TRAJ3574
RING257,60,12,0.2,"fan_in,rapid_pass_through,repeated_intermediary",EMERGING,TRAJ3577
RING258,35,3,0.0857,"fan_in,rapid_pass_through,repeated_intermediary",EMERGING,TRAJ3578
RING259,22,2,0.0909,"fan_in,rapid_pass_through,repeated_intermediary",EMERGING,TRAJ3581
RING260,3,0,0.0,"circular_flow,rapid_pass_through,repeated_intermediary",OBSERVABLE_RING,TRAJ3582
RING261,88,16,0.1818,"fan_in,rapid_pass_through,repeated_intermediary",EMERGING,TRAJ3584
RING262,100,16,0.16,"fan_in,rapid_pass_through,repeated_intermediary",EMERGING,TRAJ3585
RING263,82,11,0.1341,"fan_in,rapid_pass_through,repeated_intermediary",EMERGING,TRAJ3586
RING264,87,22,0.2529,"fan_in,rapid_pass_through,repeated_intermediary",EMERGING,TRAJ3588
RING265,50,5,0.1,"fan_in,rapid_pass_through,repeated_intermediary",EMERGING,TRAJ3589
