candidate_ring_id,n_accounts,n_transactions,patterns,formation_stage,candidate_start,candidate_end,n_account_overlap,account_overlap_ratio,n_temporal_overlap_accounts,temporal_overlap_ratio,n_alert_ids,n_temporal_alert_ids,max_temporal_overlap_hours,match_status,matched_accounts,temporal_matched_accounts,alert_ids,temporal_alert_ids
RING001,17,19,"circular_flow,fan_in,layering,rapid_pass_through",OBSERVABLE_RING,2017-01-01T00:00:00+00:00,2017-01-09T00:00:00+00:00,1,0.0588,0,0.0,1,0,0.0,SINGLE_ACCOUNT_MATCH,4,,58,
RING002,12,14,"fan_in,layering,rapid_pass_through",EMERGING,2017-01-01T00:00:00+00:00,2017-01-10T00:00:00+00:00,2,0.1667,0,0.0,2,0,0.0,ACCOUNT_MATCH_NO_TEMPORAL_OVERLAP,"30,354",,"32,83",
RING003,13,18,"circular_flow,fan_in,rapid_pass_through",OBSERVABLE_RING,2017-01-02T00:00:00+00:00,2017-01-12T00:00:00+00:00,2,0.1538,0,0.0,2,0,0.0,ACCOUNT_MATCH_NO_TEMPORAL_OVERLAP,"206,731",,"35,65",
RING004,28,37,"circular_flow,fan_in,rapid_pass_through",OBSERVABLE_RING,2017-01-02T00:00:00+00:00,2017-01-12T00:00:00+00:00,5,0.1786,0,0.0,5,0,0.0,ACCOUNT_MATCH_NO_TEMPORAL_OVERLAP,"135,249,2732,29,62",,"36,39,48,56,71",
RING005,19,18,"fan_in,layering,rapid_pass_through",EMERGING,2017-01-14T00:00:00+00:00,2017-01-16T00:00:00+00:00,1,0.0526,0,0.0,1,0,0.0,SINGLE_ACCOUNT_MATCH,44,,7,
RING006,13,18,"circular_flow,fan_in,rapid_pass_through",OBSERVABLE_RING,2017-01-17T00:00:00+00:00,2017-01-27T00:00:00+00:00,2,0.1538,0,0.0,2,0,0.0,ACCOUNT_MATCH_NO_TEMPORAL_OVERLAP,"52,647",,"67,8",
RING007,24,34,"fan_in,layering,rapid_pass_through",EMERGING,2017-01-18T00:00:00+00:00,2017-01-28T00:00:00+00:00,1,0.0417,0,0.0,1,0,0.0,SINGLE_ACCOUNT_MATCH,13,,33,
RING008,13,15,"circular_flow,fan_in,rapid_pass_through",OBSERVABLE_RING,2017-01-21T00:00:00+00:00,2017-01-28T00:00:00+00:00,3,0.2308,0,0.0,2,0,0.0,ACCOUNT_MATCH_NO_TEMPORAL_OVERLAP,"4290,4354,6",,"24,97",
RING009,12,12,"fan_in,layering,rapid_pass_through",EMERGING,2017-01-23T00:00:00+00:00,2017-01-28T00:00:00+00:00,2,0.1667,0,0.0,2,0,0.0,ACCOUNT_MATCH_NO_TEMPORAL_OVERLAP,"285,527",,"15,69",
RING010,9,10,"circular_flow,fan_in,rapid_pass_through",OBSERVABLE_RING,2017-01-27T00:00:00+00:00,2017-02-05T00:00:00+00:00,2,0.2222,0,0.0,2,0,0.0,ACCOUNT_MATCH_NO_TEMPORAL_OVERLAP,"249,2641",,"36,37",
RING011,16,22,"circular_flow,fan_in,rapid_pass_through",OBSERVABLE_RING,2017-02-07T00:00:00+00:00,2017-02-16T00:00:00+00:00,4,0.25,0,0.0,4,0,0.0,ACCOUNT_MATCH_NO_TEMPORAL_OVERLAP,"236,2557,2615,334",,"19,37,89,94",
RING012,18,28,"circular_flow,fan_in,rapid_pass_through",OBSERVABLE_RING,2017-02-12T00:00:00+00:00,2017-02-19T00:00:00+00:00,1,0.0556,0,0.0,1,0,0.0,SINGLE_ACCOUNT_MATCH,2406,,76,
RING013,10,13,"fan_in,layering,rapid_pass_through",EMERGING,2017-02-12T00:00:00+00:00,2017-02-22T00:00:00+00:00,3,0.3,0,0.0,3,0,0.0,ACCOUNT_MATCH_NO_TEMPORAL_OVERLAP,"104,15,456",,"58,63,9",
RING014,13,16,"circular_flow,fan_in,rapid_pass_through",OBSERVABLE_RING,2017-02-18T00:00:00+00:00,2017-02-26T00:00:00+00:00,3,0.2308,0,0.0,3,0,0.0,ACCOUNT_MATCH_NO_TEMPORAL_OVERLAP,"13,55,555",,"33,37,61",
RING015,9,13,"circular_flow,fan_in,rapid_pass_through",OBSERVABLE_RING,2017-02-19T00:00:00+00:00,2017-02-24T00:00:00+00:00,1,0.1111,0,0.0,1,0,0.0,SINGLE_ACCOUNT_MATCH,30,,32,
RING016,13,16,"circular_flow,fan_in,rapid_pass_through",OBSERVABLE_RING,2017-02-23T00:00:00+00:00,2017-03-04T00:00:00+00:00,1,0.0769,0,0.0,1,0,0.0,SINGLE_ACCOUNT_MATCH,44,,7,
RING017,19,23,"circular_flow,fan_in,rapid_pass_through",OBSERVABLE_RING,2017-02-24T00:00:00+00:00,2017-03-04T00:00:00+00:00,4,0.2105,0,0.0,4,0,0.0,ACCOUNT_MATCH_NO_TEMPORAL_OVERLAP,"249,2493,26,94",,"36,47,81,89",
RING018,10,14,"circular_flow,fan_in,rapid_pass_through",OBSERVABLE_RING,2017-03-04T00:00:00+00:00,2017-03-11T00:00:00+00:00,1,0.1,0,0.0,1,0,0.0,SINGLE_ACCOUNT_MATCH,2742,,69,
RING019,12,13,"circular_flow,fan_in,rapid_pass_through",OBSERVABLE_RING,2017-03-12T00:00:00+00:00,2017-03-15T00:00:00+00:00,2,0.1667,0,0.0,2,0,0.0,ACCOUNT_MATCH_NO_TEMPORAL_OVERLAP,"26,354",,"83,89",
RING020,7,7,"circular_flow,fan_in,rapid_pass_through",OBSERVABLE_RING,2017-03-25T00:00:00+00:00,2017-03-27T00:00:00+00:00,1,0.1429,0,0.0,1,0,0.0,SINGLE_ACCOUNT_MATCH,2558,,8,
RING021,13,15,"circular_flow,fan_in,rapid_pass_through",OBSERVABLE_RING,2017-03-23T00:00:00+00:00,2017-03-27T00:00:00+00:00,2,0.1538,0,0.0,2,0,0.0,ACCOUNT_MATCH_NO_TEMPORAL_OVERLAP,"291,6",,"24,50",
RING022,25,34,"fan_in,layering,rapid_pass_through",EMERGING,2017-03-25T00:00:00+00:00,2017-04-04T00:00:00+00:00,3,0.12,0,0.0,3,0,0.0,ACCOUNT_MATCH_NO_TEMPORAL_OVERLAP,"281,44,580",,"56,7,85",
RING023,19,24,"fan_in,rapid_pass_through,split_merge",EMERGING,2017-03-28T00:00:00+00:00,2017-04-07T00:00:00+00:00,3,0.1579,0,0.0,3,0,0.0,ACCOUNT_MATCH_NO_TEMPORAL_OVERLAP,"2513,266,398",,"0,64,93",
RING024,17,25,"fan_in,rapid_pass_through,split_merge",EMERGING,2017-03-31T00:00:00+00:00,2017-04-08T00:00:00+00:00,2,0.1176,0,0.0,2,0,0.0,ACCOUNT_MATCH_NO_TEMPORAL_OVERLAP,"26,402",,"44,89",
RING025,10,14,"circular_flow,fan_in,rapid_pass_through",OBSERVABLE_RING,2017-03-31T00:00:00+00:00,2017-04-07T00:00:00+00:00,1,0.1,0,0.0,1,0,0.0,SINGLE_ACCOUNT_MATCH,4703,,26,
RING026,16,21,"fan_in,layering,rapid_pass_through",EMERGING,2017-03-31T00:00:00+00:00,2017-04-08T00:00:00+00:00,2,0.125,0,0.0,2,0,0.0,ACCOUNT_MATCH_NO_TEMPORAL_OVERLAP,"344,515",,"18,74",
RING027,11,16,"circular_flow,fan_in,rapid_pass_through",OBSERVABLE_RING,2017-04-02T00:00:00+00:00,2017-04-11T00:00:00+00:00,1,0.0909,0,0.0,1,0,0.0,SINGLE_ACCOUNT_MATCH,542,,49,
RING028,11,14,"fan_in,rapid_pass_through,split_merge",EMERGING,2017-04-03T00:00:00+00:00,2017-04-11T00:00:00+00:00,1,0.0909,0,0.0,1,0,0.0,SINGLE_ACCOUNT_MATCH,261,,44,
RING029,33,38,"fan_in,layering,rapid_pass_through",EMERGING,2017-04-07T00:00:00+00:00,2017-04-17T00:00:00+00:00,6,0.1818,0,0.0,6,0,0.0,ACCOUNT_MATCH_NO_TEMPORAL_OVERLAP,"2378,26,2670,275,29,55",,"12,2,48,61,66,89",
RING030,11,14,"circular_flow,fan_in,rapid_pass_through",OBSERVABLE_RING,2017-04-08T00:00:00+00:00,2017-04-17T00:00:00+00:00,1,0.0909,0,0.0,1,0,0.0,SINGLE_ACCOUNT_MATCH,29,,48,
RING031,26,31,"fan_in,layering,rapid_pass_through",EMERGING,2017-04-10T00:00:00+00:00,2017-04-20T00:00:00+00:00,4,0.1538,0,0.0,4,0,0.0,ACCOUNT_MATCH_NO_TEMPORAL_OVERLAP,"26,402,470,62",,"44,71,82,89",
RING032,36,49,"fan_in,layering,rapid_pass_through",EMERGING,2017-04-13T00:00:00+00:00,2017-04-23T00:00:00+00:00,2,0.0556,0,0.0,2,0,0.0,ACCOUNT_MATCH_NO_TEMPORAL_OVERLAP,"318,706",,"11,14",
RING033,21,24,"circular_flow,fan_in,rapid_pass_through",OBSERVABLE_RING,2017-04-14T00:00:00+00:00,2017-04-24T00:00:00+00:00,1,0.0476,0,0.0,1,0,0.0,SINGLE_ACCOUNT_MATCH,2537,,70,
RING034,12,14,"fan_in,rapid_pass_through,split_merge",EMERGING,2017-04-17T00:00:00+00:00,2017-04-25T00:00:00+00:00,2,0.1667,0,0.0,2,0,0.0,ACCOUNT_MATCH_NO_TEMPORAL_OVERLAP,"104,2513",,"0,9",
RING035,13,14,"fan_in,layering,rapid_pass_through",EMERGING,2017-04-18T00:00:00+00:00,2017-04-28T00:00:00+00:00,3,0.2308,0,0.0,3,0,0.0,ACCOUNT_MATCH_NO_TEMPORAL_OVERLAP,"198,8,80",,"42,53,62",
RING036,14,19,"circular_flow,fan_in,rapid_pass_through",OBSERVABLE_RING,2017-04-22T00:00:00+00:00,2017-04-30T00:00:00+00:00,4,0.2857,0,0.0,4,0,0.0,ACCOUNT_MATCH_NO_TEMPORAL_OVERLAP,"236,4402,587,72",,"43,72,79,89",
RING037,12,18,"fan_in,layering,rapid_pass_through",EMERGING,2017-04-22T00:00:00+00:00,2017-05-01T00:00:00+00:00,0,0.0,0,0.0,0,0,0.0,NO_MATCH,,,,
RING038,35,41,"fan_in,layering,rapid_pass_through",EMERGING,2017-05-01T00:00:00+00:00,2017-05-10T00:00:00+00:00,3,0.0857,0,0.0,3,0,0.0,ACCOUNT_MATCH_NO_TEMPORAL_OVERLAP,"2703,362,480",,"25,28,6",
RING039,14,18,"fan_in,layering,rapid_pass_through",EMERGING,2017-05-04T00:00:00+00:00,2017-05-12T00:00:00+00:00,2,0.1429,0,0.0,2,0,0.0,ACCOUNT_MATCH_NO_TEMPORAL_OVERLAP,"198,559",,"53,91",
RING040,10,9,"fan_in,layering,rapid_pass_through",EMERGING,2017-05-06T00:00:00+00:00,2017-05-09T00:00:00+00:00,0,0.0,0,0.0,0,0,0.0,NO_MATCH,,,,
RING041,25,34,"circular_flow,fan_in,rapid_pass_through",OBSERVABLE_RING,2017-05-08T00:00:00+00:00,2017-05-16T00:00:00+00:00,2,0.08,0,0.0,2,0,0.0,ACCOUNT_MATCH_NO_TEMPORAL_OVERLAP,"2703,2708",,"25,84",
RING042,10,10,"fan_in,layering,rapid_pass_through",EMERGING,2017-05-11T00:00:00+00:00,2017-05-20T00:00:00+00:00,0,0.0,0,0.0,0,0,0.0,NO_MATCH,,,,
RING043,11,16,"circular_flow,fan_in,rapid_pass_through",OBSERVABLE_RING,2017-05-15T00:00:00+00:00,2017-05-25T00:00:00+00:00,2,0.1818,0,0.0,1,0,0.0,ACCOUNT_MATCH_NO_TEMPORAL_OVERLAP,"478,895",,40,
RING044,13,15,"circular_flow,fan_in,rapid_pass_through",OBSERVABLE_RING,2017-05-17T00:00:00+00:00,2017-05-27T00:00:00+00:00,0,0.0,0,0.0,0,0,0.0,NO_MATCH,,,,
RING045,12,14,"circular_flow,fan_in,rapid_pass_through",OBSERVABLE_RING,2017-05-20T00:00:00+00:00,2017-05-29T00:00:00+00:00,2,0.1667,0,0.0,2,0,0.0,ACCOUNT_MATCH_NO_TEMPORAL_OVERLAP,"580,8",,"42,56",
RING046,9,9,"circular_flow,fan_in,rapid_pass_through",OBSERVABLE_RING,2017-05-21T00:00:00+00:00,2017-05-29T00:00:00+00:00,2,0.2222,0,0.0,2,0,0.0,ACCOUNT_MATCH_NO_TEMPORAL_OVERLAP,"306,478",,"40,46",
RING047,9,11,"fan_in,rapid_pass_through,split_merge",EMERGING,2017-06-04T00:00:00+00:00,2017-06-09T00:00:00+00:00,1,0.1111,0,0.0,1,0,0.0,SINGLE_ACCOUNT_MATCH,6,,24,
RING048,9,10,"circular_flow,fan_in",FORMING,2017-05-24T00:00:00+00:00,2017-05-30T00:00:00+00:00,3,0.3333,0,0.0,3,0,0.0,ACCOUNT_MATCH_NO_TEMPORAL_OVERLAP,"1090,4291,8",,"42,63,83",
RING049,15,18,"circular_flow,fan_in,rapid_pass_through",OBSERVABLE_RING,2017-05-30T00:00:00+00:00,2017-06-08T00:00:00+00:00,1,0.0667,0,0.0,1,0,0.0,SINGLE_ACCOUNT_MATCH,521,,57,
RING050,40,53,"fan_in,rapid_pass_through,split_merge",EMERGING,2017-06-03T00:00:00+00:00,2017-06-11T00:00:00+00:00,3,0.075,0,0.0,3,0,0.0,ACCOUNT_MATCH_NO_TEMPORAL_OVERLAP,"2406,2670,362",,"12,28,76",
RING051,17,21,"circular_flow,fan_in,rapid_pass_through",OBSERVABLE_RING,2017-06-09T00:00:00+00:00,2017-06-15T00:00:00+00:00,4,0.2353,0,0.0,3,0,0.0,ACCOUNT_MATCH_NO_TEMPORAL_OVERLAP,"13,1971,344,44",,"18,33,7",
RING052,13,16,"circular_flow,fan_in,rapid_pass_through",OBSERVABLE_RING,2017-06-12T00:00:00+00:00,2017-06-21T00:00:00+00:00,3,0.2308,0,0.0,3,0,0.0,ACCOUNT_MATCH_NO_TEMPORAL_OVERLAP,"2513,628,875",,"0,30,55",
RING053,15,17,"fan_in,rapid_pass_through,split_merge",EMERGING,2017-06-23T00:00:00+00:00,2017-06-30T00:00:00+00:00,1,0.0667,0,0.0,1,0,0.0,SINGLE_ACCOUNT_MATCH,4261,,6,
RING054,47,57,"fan_in,layering,rapid_pass_through",EMERGING,2017-07-05T00:00:00+00:00,2017-07-14T00:00:00+00:00,6,0.1277,0,0.0,6,0,0.0,ACCOUNT_MATCH_NO_TEMPORAL_OVERLAP,"2557,2615,29,45,470,729",,"34,37,48,82,88,94",
RING055,28,32,"circular_flow,fan_in,rapid_pass_through",OBSERVABLE_RING,2017-06-26T00:00:00+00:00,2017-07-05T00:00:00+00:00,4,0.1429,0,0.0,4,0,0.0,ACCOUNT_MATCH_NO_TEMPORAL_OVERLAP,"2390,398,510,596",,"21,32,64,94",
RING056,20,32,"circular_flow,fan_in,rapid_pass_through",OBSERVABLE_RING,2017-06-28T00:00:00+00:00,2017-07-08T00:00:00+00:00,4,0.2,0,0.0,4,0,0.0,ACCOUNT_MATCH_NO_TEMPORAL_OVERLAP,"35,381,456,470",,"22,63,82,97",
RING057,10,11,"fan_in,layering,rapid_pass_through",EMERGING,2017-06-29T00:00:00+00:00,2017-07-06T00:00:00+00:00,2,0.2,0,0.0,2,0,0.0,ACCOUNT_MATCH_NO_TEMPORAL_OVERLAP,"2732,52",,"39,67",
RING058,16,21,"fan_in,layering,rapid_pass_through",EMERGING,2017-07-01T00:00:00+00:00,2017-07-11T00:00:00+00:00,3,0.1875,0,0.0,3,0,0.0,ACCOUNT_MATCH_NO_TEMPORAL_OVERLAP,"2558,521,6",,"24,57,8",
RING059,24,29,"circular_flow,fan_in,rapid_pass_through",OBSERVABLE_RING,2017-07-09T00:00:00+00:00,2017-07-19T00:00:00+00:00,3,0.125,0,0.0,3,0,0.0,ACCOUNT_MATCH_NO_TEMPORAL_OVERLAP,"266,30,555",,"32,37,93",
RING060,10,10,"circular_flow,fan_in,rapid_pass_through",OBSERVABLE_RING,2017-07-26T00:00:00+00:00,2017-07-28T00:00:00+00:00,0,0.0,0,0.0,0,0,0.0,NO_MATCH,,,,
RING061,14,14,"fan_in,layering,rapid_pass_through",EMERGING,2017-07-14T00:00:00+00:00,2017-07-23T00:00:00+00:00,0,0.0,0,0.0,0,0,0.0,NO_MATCH,,,,
RING062,12,13,"fan_in,layering,rapid_pass_through",EMERGING,2017-07-16T00:00:00+00:00,2017-07-24T00:00:00+00:00,1,0.0833,0,0.0,1,0,0.0,SINGLE_ACCOUNT_MATCH,4,,58,
RING063,10,14,"circular_flow,fan_in,rapid_pass_through",OBSERVABLE_RING,2017-07-18T00:00:00+00:00,2017-07-26T00:00:00+00:00,3,0.3,0,0.0,3,0,0.0,ACCOUNT_MATCH_NO_TEMPORAL_OVERLAP,"1090,15,875",,"30,58,63",
RING064,12,13,"fan_in,layering,rapid_pass_through",EMERGING,2017-07-21T00:00:00+00:00,2017-07-28T00:00:00+00:00,1,0.0833,0,0.0,1,0,0.0,SINGLE_ACCOUNT_MATCH,26,,89,
RING065,8,12,"circular_flow,fan_in,rapid_pass_through",OBSERVABLE_RING,2017-07-23T00:00:00+00:00,2017-07-30T00:00:00+00:00,2,0.25,0,0.0,2,0,0.0,ACCOUNT_MATCH_NO_TEMPORAL_OVERLAP,"49,591",,"4,68",
RING066,18,21,"fan_in,rapid_pass_through,repeated_intermediary",EMERGING,2017-07-25T00:00:00+00:00,2017-08-04T00:00:00+00:00,4,0.2222,0,0.0,4,0,0.0,ACCOUNT_MATCH_NO_TEMPORAL_OVERLAP,"104,2641,52,62",,"37,67,71,9",
RING067,11,15,"fan_in,rapid_pass_through,split_merge",EMERGING,2017-08-04T00:00:00+00:00,2017-08-11T00:00:00+00:00,0,0.0,0,0.0,0,0,0.0,NO_MATCH,,,,
RING068,15,18,"fan_in,rapid_pass_through,split_merge",EMERGING,2017-08-05T00:00:00+00:00,2017-08-15T00:00:00+00:00,0,0.0,0,0.0,0,0,0.0,NO_MATCH,,,,
RING069,18,27,"fan_in,rapid_pass_through,split_merge",EMERGING,2017-08-15T00:00:00+00:00,2017-08-24T00:00:00+00:00,0,0.0,0,0.0,0,0,0.0,NO_MATCH,,,,
RING070,11,13,"fan_in,rapid_pass_through,split_merge",EMERGING,2017-08-20T00:00:00+00:00,2017-08-26T00:00:00+00:00,0,0.0,0,0.0,0,0,0.0,NO_MATCH,,,,
RING071,16,22,"fan_in,layering,rapid_pass_through",EMERGING,2017-08-22T00:00:00+00:00,2017-08-30T00:00:00+00:00,0,0.0,0,0.0,0,0,0.0,NO_MATCH,,,,
RING072,16,19,"fan_in,layering,rapid_pass_through",EMERGING,2017-08-23T00:00:00+00:00,2017-09-02T00:00:00+00:00,2,0.125,0,0.0,2,0,0.0,ACCOUNT_MATCH_NO_TEMPORAL_OVERLAP,"318,84",,"14,36",
RING073,19,21,"circular_flow,fan_in,layering,rapid_pass_through",OBSERVABLE_RING,2017-08-24T00:00:00+00:00,2017-09-02T00:00:00+00:00,5,0.2632,0,0.0,4,0,0.0,ACCOUNT_MATCH_NO_TEMPORAL_OVERLAP,"13,2644,362,448,529",,"28,29,33,59",
RING074,11,14,"circular_flow,fan_in,layering,rapid_pass_through",OBSERVABLE_RING,2017-08-28T00:00:00+00:00,2017-09-07T00:00:00+00:00,1,0.0909,0,0.0,1,0,0.0,SINGLE_ACCOUNT_MATCH,2732,,39,
RING075,12,14,"circular_flow,fan_in,rapid_pass_through",OBSERVABLE_RING,2017-08-29T00:00:00+00:00,2017-09-08T00:00:00+00:00,5,0.4167,0,0.0,4,0,0.0,ACCOUNT_MATCH_NO_TEMPORAL_OVERLAP,"15,26,45,62,692",,"34,58,71,89",
RING076,12,14,"circular_flow,fan_in,rapid_pass_through",OBSERVABLE_RING,2017-09-15T00:00:00+00:00,2017-09-24T00:00:00+00:00,2,0.1667,0,0.0,2,0,0.0,ACCOUNT_MATCH_NO_TEMPORAL_OVERLAP,"2613,545",,"41,53",
RING077,14,17,"circular_flow,fan_in,rapid_pass_through",OBSERVABLE_RING,2017-09-21T00:00:00+00:00,2017-09-30T00:00:00+00:00,3,0.2143,0,0.0,3,0,0.0,ACCOUNT_MATCH_NO_TEMPORAL_OVERLAP,"1,26,2641",,"37,77,89",
RING078,10,14,"circular_flow,fan_in,rapid_pass_through",OBSERVABLE_RING,2017-09-29T00:00:00+00:00,2017-10-06T00:00:00+00:00,2,0.2,0,0.0,2,0,0.0,ACCOUNT_MATCH_NO_TEMPORAL_OVERLAP,"26,30",,"32,89",
RING079,12,13,"fan_in,rapid_pass_through,split_merge",EMERGING,2017-10-03T00:00:00+00:00,2017-10-12T00:00:00+00:00,1,0.0833,0,0.0,1,0,0.0,SINGLE_ACCOUNT_MATCH,13,,33,
RING080,14,17,"fan_in,layering,rapid_pass_through",EMERGING,2017-10-07T00:00:00+00:00,2017-10-17T00:00:00+00:00,2,0.1429,0,0.0,2,0,0.0,ACCOUNT_MATCH_NO_TEMPORAL_OVERLAP,"4,731",,"58,65",
RING081,15,16,"circular_flow,fan_in,rapid_pass_through",OBSERVABLE_RING,2017-10-10T00:00:00+00:00,2017-10-16T00:00:00+00:00,3,0.2,0,0.0,3,0,0.0,ACCOUNT_MATCH_NO_TEMPORAL_OVERLAP,"104,2378,2670",,"12,2,9",
RING082,33,47,"fan_in,layering,rapid_pass_through",EMERGING,2017-10-17T00:00:00+00:00,2017-10-27T00:00:00+00:00,6,0.1818,0,0.0,6,0,0.0,ACCOUNT_MATCH_NO_TEMPORAL_OVERLAP,"104,13,236,2644,8,80",,"29,33,42,62,89,9",
RING083,12,13,"circular_flow,fan_in,rapid_pass_through",OBSERVABLE_RING,2017-11-05T00:00:00+00:00,2017-11-11T00:00:00+00:00,4,0.3333,0,0.0,4,0,0.0,ACCOUNT_MATCH_NO_TEMPORAL_OVERLAP,"2732,364,376,587",,"0,32,39,43",
RING084,8,7,"fan_in,layering,rapid_pass_through",EMERGING,2017-10-28T00:00:00+00:00,2017-10-30T00:00:00+00:00,2,0.25,0,0.0,2,0,0.0,ACCOUNT_MATCH_NO_TEMPORAL_OVERLAP,"4,429",,"58,60",
RING085,13,17,"circular_flow,fan_in,rapid_pass_through",OBSERVABLE_RING,2017-11-01T00:00:00+00:00,2017-11-10T00:00:00+00:00,3,0.2308,0,0.0,3,0,0.0,ACCOUNT_MATCH_NO_TEMPORAL_OVERLAP,"384,420,647",,"8,80,98",
RING086,15,18,"circular_flow,fan_in,rapid_pass_through",OBSERVABLE_RING,2017-11-12T00:00:00+00:00,2017-11-21T00:00:00+00:00,4,0.2667,0,0.0,4,0,0.0,ACCOUNT_MATCH_NO_TEMPORAL_OVERLAP,"2613,2732,275,774",,"10,39,41,66",
RING087,11,14,"circular_flow,fan_in,rapid_pass_through",OBSERVABLE_RING,2017-11-22T00:00:00+00:00,2017-12-02T00:00:00+00:00,1,0.0909,0,0.0,1,0,0.0,SINGLE_ACCOUNT_MATCH,480,,6,
RING088,18,20,"circular_flow,fan_in,rapid_pass_through",OBSERVABLE_RING,2017-11-25T00:00:00+00:00,2017-12-03T00:00:00+00:00,8,0.4444,0,0.0,8,0,0.0,ACCOUNT_MATCH_NO_TEMPORAL_OVERLAP,"252,2535,26,270,416,689,726,772",,"11,25,26,31,78,84,89,95",
RING089,25,33,"circular_flow,fan_in,layering,rapid_pass_through",OBSERVABLE_RING,2017-11-25T00:00:00+00:00,2017-12-04T00:00:00+00:00,4,0.16,0,0.0,4,0,0.0,ACCOUNT_MATCH_NO_TEMPORAL_OVERLAP,"26,2777,535,580",,"56,89,90,96",
RING090,12,14,"fan_in,layering,rapid_pass_through",EMERGING,2017-11-27T00:00:00+00:00,2017-11-30T00:00:00+00:00,2,0.1667,0,0.0,1,0,0.0,ACCOUNT_MATCH_NO_TEMPORAL_OVERLAP,"478,895",,40,
RING091,12,18,"fan_in,rapid_pass_through,repeated_intermediary",EMERGING,2017-12-01T00:00:00+00:00,2017-12-08T00:00:00+00:00,2,0.1667,0,0.0,1,0,0.0,ACCOUNT_MATCH_NO_TEMPORAL_OVERLAP,"198,545",,53,
RING092,11,14,"circular_flow,fan_in,rapid_pass_through",OBSERVABLE_RING,2017-12-01T00:00:00+00:00,2017-12-09T00:00:00+00:00,2,0.1818,0,0.0,2,0,0.0,ACCOUNT_MATCH_NO_TEMPORAL_OVERLAP,"113,30",,"32,41",
RING093,10,11,"circular_flow,fan_in,rapid_pass_through",OBSERVABLE_RING,2017-12-16T00:00:00+00:00,2017-12-25T00:00:00+00:00,2,0.2,0,0.0,2,0,0.0,ACCOUNT_MATCH_NO_TEMPORAL_OVERLAP,"392,72",,"16,79",
RING094,8,12,"circular_flow,fan_in,rapid_pass_through",OBSERVABLE_RING,2017-12-19T00:00:00+00:00,2017-12-28T00:00:00+00:00,1,0.125,0,0.0,1,0,0.0,SINGLE_ACCOUNT_MATCH,425,,65,
RING095,9,11,"circular_flow,fan_in,rapid_pass_through",OBSERVABLE_RING,2018-01-02T00:00:00+00:00,2018-01-09T00:00:00+00:00,2,0.2222,0,0.0,2,0,0.0,ACCOUNT_MATCH_NO_TEMPORAL_OVERLAP,"2590,52",,"67,96",
RING096,14,18,"circular_flow,fan_in,rapid_pass_through",OBSERVABLE_RING,2018-01-08T00:00:00+00:00,2018-01-17T00:00:00+00:00,4,0.2857,0,0.0,3,0,0.0,ACCOUNT_MATCH_NO_TEMPORAL_OVERLAP,"15,478,506,895",,"2,40,58",
RING097,9,11,"circular_flow,fan_in,rapid_pass_through",OBSERVABLE_RING,2018-01-11T00:00:00+00:00,2018-01-18T00:00:00+00:00,2,0.2222,0,0.0,2,0,0.0,ACCOUNT_MATCH_NO_TEMPORAL_OVERLAP,"4400,45",,"34,80",
RING098,12,15,"fan_in,rapid_pass_through,repeated_intermediary",EMERGING,2018-01-13T00:00:00+00:00,2018-01-19T00:00:00+00:00,3,0.25,0,0.0,3,0,0.0,ACCOUNT_MATCH_NO_TEMPORAL_OVERLAP,"13,402,480",,"33,44,6",
RING099,17,21,"fan_in,layering,rapid_pass_through",EMERGING,2018-01-15T00:00:00+00:00,2018-01-24T00:00:00+00:00,3,0.1765,0,0.0,3,0,0.0,ACCOUNT_MATCH_NO_TEMPORAL_OVERLAP,"198,2390,52",,"32,53,67",
RING100,9,10,"circular_flow,fan_in,rapid_pass_through",OBSERVABLE_RING,2018-01-18T00:00:00+00:00,2018-01-24T00:00:00+00:00,1,0.1111,0,0.0,1,0,0.0,SINGLE_ACCOUNT_MATCH,2732,,39,
RING101,12,11,"fan_in,rapid_pass_through,repeated_intermediary",EMERGING,2018-01-20T00:00:00+00:00,2018-01-29T00:00:00+00:00,2,0.1667,0,0.0,2,0,0.0,ACCOUNT_MATCH_NO_TEMPORAL_OVERLAP,"26,44",,"7,89",
RING102,24,27,"fan_in,layering,rapid_pass_through",EMERGING,2018-01-21T00:00:00+00:00,2018-01-31T00:00:00+00:00,4,0.1667,0,0.0,4,0,0.0,ACCOUNT_MATCH_NO_TEMPORAL_OVERLAP,"664,706,8,84",,"11,36,39,42",
RING103,9,14,"circular_flow,fan_in,rapid_pass_through",OBSERVABLE_RING,2018-01-23T00:00:00+00:00,2018-01-30T00:00:00+00:00,1,0.1111,0,0.0,1,0,0.0,SINGLE_ACCOUNT_MATCH,242,,77,
RING104,9,16,"fan_in,rapid_pass_through,repeated_intermediary",EMERGING,2018-01-25T00:00:00+00:00,2018-02-01T00:00:00+00:00,2,0.2222,0,0.0,1,0,0.0,ACCOUNT_MATCH_NO_TEMPORAL_OVERLAP,"4648,69",,52,
RING105,9,8,"fan_in,layering,rapid_pass_through",EMERGING,2018-01-30T00:00:00+00:00,2018-02-02T00:00:00+00:00,1,0.1111,0,0.0,1,0,0.0,SINGLE_ACCOUNT_MATCH,2644,,29,
RING106,24,26,"fan_in,layering,rapid_pass_through",EMERGING,2018-01-30T00:00:00+00:00,2018-02-09T00:00:00+00:00,2,0.0833,0,0.0,2,0,0.0,ACCOUNT_MATCH_NO_TEMPORAL_OVERLAP,"15,546",,"12,58",
RING107,10,10,"circular_flow,fan_in,rapid_pass_through",OBSERVABLE_RING,2018-02-05T00:00:00+00:00,2018-02-11T00:00:00+00:00,1,0.1,0,0.0,1,0,0.0,SINGLE_ACCOUNT_MATCH,416,,26,
RING108,9,18,"fan_in,rapid_pass_through,repeated_intermediary",EMERGING,2018-02-06T00:00:00+00:00,2018-02-13T00:00:00+00:00,1,0.1111,0,0.0,1,0,0.0,SINGLE_ACCOUNT_MATCH,647,,8,
RING109,9,8,"fan_in,layering,rapid_pass_through",EMERGING,2018-02-06T00:00:00+00:00,2018-02-07T00:00:00+00:00,1,0.1111,0,0.0,1,0,0.0,SINGLE_ACCOUNT_MATCH,551,,16,
RING110,12,16,"fan_in,rapid_pass_through,repeated_intermediary",EMERGING,2018-02-19T00:00:00+00:00,2018-02-28T00:00:00+00:00,5,0.4167,0,0.0,5,0,0.0,ACCOUNT_MATCH_NO_TEMPORAL_OVERLAP,"253,30,440,456,664",,"27,32,39,63,78",
RING111,10,9,"fan_in,layering,rapid_pass_through",EMERGING,2018-02-20T00:00:00+00:00,2018-02-21T00:00:00+00:00,2,0.2,0,0.0,2,0,0.0,ACCOUNT_MATCH_NO_TEMPORAL_OVERLAP,"30,35",,"22,32",
RING112,11,11,"fan_in,layering,rapid_pass_through",EMERGING,2018-02-22T00:00:00+00:00,2018-03-02T00:00:00+00:00,4,0.3636,0,0.0,4,0,0.0,ACCOUNT_MATCH_NO_TEMPORAL_OVERLAP,"30,416,425,84",,"26,32,36,65",
RING113,16,21,"fan_in,layering,rapid_pass_through",EMERGING,2018-02-24T00:00:00+00:00,2018-03-04T00:00:00+00:00,2,0.125,0,0.0,2,0,0.0,ACCOUNT_MATCH_NO_TEMPORAL_OVERLAP,"396,470",,"72,82",
RING114,13,14,"fan_in,layering,rapid_pass_through",EMERGING,2018-02-25T00:00:00+00:00,2018-02-28T00:00:00+00:00,1,0.0769,0,0.0,1,0,0.0,SINGLE_ACCOUNT_MATCH,188,,47,
RING115,15,21,"circular_flow,fan_in,rapid_pass_through",OBSERVABLE_RING,2018-02-25T00:00:00+00:00,2018-03-03T00:00:00+00:00,4,0.2667,0,0.0,4,0,0.0,ACCOUNT_MATCH_NO_TEMPORAL_OVERLAP,"2613,2756,489,587",,"25,41,43,55",
RING116,22,31,"fan_in,rapid_pass_through,repeated_intermediary",EMERGING,2018-02-26T00:00:00+00:00,2018-03-08T00:00:00+00:00,5,0.2273,0,0.0,2,0,0.0,ACCOUNT_MATCH_NO_TEMPORAL_OVERLAP,"2378,35,4415,506,7899",,"2,22",
RING117,17,22,"fan_in,layering,rapid_pass_through",EMERGING,2018-03-09T00:00:00+00:00,2018-03-18T00:00:00+00:00,1,0.0588,0,0.0,1,0,0.0,SINGLE_ACCOUNT_MATCH,11533,,72,
RING118,19,21,"fan_in,layering,rapid_pass_through",EMERGING,2018-03-10T00:00:00+00:00,2018-03-20T00:00:00+00:00,1,0.0526,0,0.0,1,0,0.0,SINGLE_ACCOUNT_MATCH,766,,32,
RING119,13,17,"circular_flow,fan_in,rapid_pass_through",OBSERVABLE_RING,2018-04-06T00:00:00+00:00,2018-04-15T00:00:00+00:00,0,0.0,0,0.0,0,0,0.0,NO_MATCH,,,,
RING120,20,27,"fan_in,rapid_pass_through,repeated_intermediary",EMERGING,2018-04-08T00:00:00+00:00,2018-04-17T00:00:00+00:00,3,0.15,0,0.0,3,0,0.0,ACCOUNT_MATCH_NO_TEMPORAL_OVERLAP,"104,35,62",,"22,71,9",
RING121,15,15,"fan_in,layering,rapid_pass_through",EMERGING,2018-04-18T00:00:00+00:00,2018-04-28T00:00:00+00:00,4,0.2667,0,0.0,4,0,0.0,ACCOUNT_MATCH_NO_TEMPORAL_OVERLAP,"2111,425,489,80",,"55,62,65,75",
RING122,20,25,"fan_in,layering,rapid_pass_through",EMERGING,2018-04-21T00:00:00+00:00,2018-04-29T00:00:00+00:00,4,0.2,0,0.0,3,0,0.0,ACCOUNT_MATCH_NO_TEMPORAL_OVERLAP,"249,280,546,7808",,"12,15,36",
RING123,24,32,"fan_in,rapid_pass_through,repeated_intermediary",EMERGING,2018-04-28T00:00:00+00:00,2018-05-08T00:00:00+00:00,8,0.3333,0,0.0,2,0,0.0,ACCOUNT_MATCH_NO_TEMPORAL_OVERLAP,"10031,10324,156,1764,2344,3207,531,5605",,"13,75",
RING124,88,302,"fan_in,rapid_pass_through,repeated_intermediary",EMERGING,2018-05-09T00:00:00+00:00,2018-05-16T00:00:00+00:00,15,0.1705,0,0.0,15,0,0.0,ACCOUNT_MATCH_NO_TEMPORAL_OVERLAP,"105,108,13,135,206,242,29,362,44,49,510,6,686,9158,94",,"1,23,24,28,33,35,45,47,48,55,56,68,7,77,94",
RING125,9,12,"circular_flow,fan_in,rapid_pass_through",OBSERVABLE_RING,2018-04-30T00:00:00+00:00,2018-05-08T00:00:00+00:00,0,0.0,0,0.0,0,0,0.0,NO_MATCH,,,,
RING126,11,11,"circular_flow,fan_in,rapid_pass_through",OBSERVABLE_RING,2018-04-30T00:00:00+00:00,2018-05-10T00:00:00+00:00,1,0.0909,0,0.0,1,0,0.0,SINGLE_ACCOUNT_MATCH,2406,,76,
RING127,12,13,"fan_in,rapid_pass_through,repeated_intermediary",EMERGING,2018-05-05T00:00:00+00:00,2018-05-09T00:00:00+00:00,0,0.0,0,0.0,0,0,0.0,NO_MATCH,,,,
RING128,10,26,"fan_in,rapid_pass_through,repeated_intermediary",EMERGING,2018-05-18T00:00:00+00:00,2018-05-25T00:00:00+00:00,1,0.1,0,0.0,1,0,0.0,SINGLE_ACCOUNT_MATCH,270,,95,
RING129,18,25,"fan_in,rapid_pass_through,repeated_intermediary",EMERGING,2018-05-18T00:00:00+00:00,2018-05-28T00:00:00+00:00,2,0.1111,0,0.0,2,0,0.0,ACCOUNT_MATCH_NO_TEMPORAL_OVERLAP,"13,529",,"33,59",
RING130,29,40,"fan_in,rapid_pass_through,repeated_intermediary",EMERGING,2018-05-22T00:00:00+00:00,2018-05-30T00:00:00+00:00,5,0.1724,0,0.0,5,0,0.0,ACCOUNT_MATCH_NO_TEMPORAL_OVERLAP,"301,313,35,45,6",,"22,24,34,87,89",
RING131,18,19,"circular_flow,fan_in,rapid_pass_through",OBSERVABLE_RING,2018-06-01T00:00:00+00:00,2018-06-07T00:00:00+00:00,0,0.0,0,0.0,0,0,0.0,NO_MATCH,,,,
RING132,51,170,"fan_in,rapid_pass_through,repeated_intermediary",EMERGING,2018-06-30T00:00:00+00:00,2018-07-04T00:00:00+00:00,15,0.2941,0,0.0,12,0,0.0,ACCOUNT_MATCH_NO_TEMPORAL_OVERLAP,"105,1101,13,15,188,2390,30,35,52,5789,6,69,729,79,84",,"1,22,24,32,33,36,47,52,58,67,83,88",
RING133,24,29,"fan_in,rapid_pass_through,repeated_intermediary",EMERGING,2018-06-22T00:00:00+00:00,2018-07-01T00:00:00+00:00,8,0.3333,0,0.0,8,0,0.0,ACCOUNT_MATCH_NO_TEMPORAL_OVERLAP,"1,246,249,2641,546,591,72,887",,"12,36,37,4,51,63,77,79",
RING134,17,20,"fan_in,rapid_pass_through,repeated_intermediary",EMERGING,2018-06-24T00:00:00+00:00,2018-07-04T00:00:00+00:00,1,0.0588,0,0.0,1,0,0.0,SINGLE_ACCOUNT_MATCH,44,,7,
RING135,12,15,"circular_flow,fan_in,rapid_pass_through",OBSERVABLE_RING,2018-06-25T00:00:00+00:00,2018-07-04T00:00:00+00:00,4,0.3333,0,0.0,4,0,0.0,ACCOUNT_MATCH_NO_TEMPORAL_OVERLAP,"26,326,470,6",,"24,37,82,89",
RING136,14,15,"fan_in,rapid_pass_through,repeated_intermediary",EMERGING,2018-06-30T00:00:00+00:00,2018-07-07T00:00:00+00:00,2,0.1429,0,0.0,2,0,0.0,ACCOUNT_MATCH_NO_TEMPORAL_OVERLAP,"2111,249",,"36,75",
RING137,8,10,"circular_flow,fan_in",FORMING,2018-07-01T00:00:00+00:00,2018-07-08T00:00:00+00:00,2,0.25,0,0.0,2,0,0.0,ACCOUNT_MATCH_NO_TEMPORAL_OVERLAP,"44,887",,"63,7",
RING138,15,17,"circular_flow,fan_in,rapid_pass_through",OBSERVABLE_RING,2018-07-03T00:00:00+00:00,2018-07-13T00:00:00+00:00,2,0.1333,0,0.0,2,0,0.0,ACCOUNT_MATCH_NO_TEMPORAL_OVERLAP,"13,228",,"33,77",
RING139,12,14,"fan_in,rapid_pass_through,repeated_intermediary",EMERGING,2018-07-05T00:00:00+00:00,2018-07-12T00:00:00+00:00,2,0.1667,0,0.0,2,0,0.0,ACCOUNT_MATCH_NO_TEMPORAL_OVERLAP,"13,260",,"33,62",
RING140,14,59,"circular_flow,fan_in,rapid_pass_through,repeated_intermediary",OBSERVABLE_RING,2018-07-06T00:00:00+00:00,2018-07-13T00:00:00+00:00,3,0.2143,0,0.0,3,0,0.0,ACCOUNT_MATCH_NO_TEMPORAL_OVERLAP,"15,420,72",,"58,79,98",
RING141,15,17,"fan_in,layering,rapid_pass_through",EMERGING,2018-07-08T00:00:00+00:00,2018-07-16T00:00:00+00:00,5,0.3333,0,0.0,5,0,0.0,ACCOUNT_MATCH_NO_TEMPORAL_OVERLAP,"29,334,406,69,726",,"19,25,36,48,52",
RING142,10,10,"fan_in,rapid_pass_through,repeated_intermediary",EMERGING,2018-07-12T00:00:00+00:00,2018-07-14T00:00:00+00:00,2,0.2,0,0.0,2,0,0.0,ACCOUNT_MATCH_NO_TEMPORAL_OVERLAP,"15,35",,"22,58",
RING143,14,18,"fan_in,rapid_pass_through,repeated_intermediary",EMERGING,2018-07-13T00:00:00+00:00,2018-07-22T00:00:00+00:00,5,0.3571,0,0.0,4,0,0.0,ACCOUNT_MATCH_NO_TEMPORAL_OVERLAP,"275,280,527,546,894",,"12,15,3,66",
RING144,8,17,"fan_in,rapid_pass_through,repeated_intermediary",EMERGING,2018-07-13T00:00:00+00:00,2018-07-17T00:00:00+00:00,2,0.25,0,0.0,2,0,0.0,ACCOUNT_MATCH_NO_TEMPORAL_OVERLAP,"105,15",,"1,58",
RING145,10,9,"fan_in,layering,rapid_pass_through",EMERGING,2018-07-15T00:00:00+00:00,2018-07-15T00:00:00+00:00,1,0.1,0,0.0,1,0,0.0,SINGLE_ACCOUNT_MATCH,35,,22,
RING146,18,22,"fan_in,rapid_pass_through,repeated_intermediary",EMERGING,2018-07-20T00:00:00+00:00,2018-07-29T00:00:00+00:00,5,0.2778,0,0.0,5,0,0.0,ACCOUNT_MATCH_NO_TEMPORAL_OVERLAP,"15,26,384,559,80",,"58,62,80,89,91",
RING147,9,14,"fan_in,rapid_pass_through,repeated_intermediary",EMERGING,2018-07-22T00:00:00+00:00,2018-07-31T00:00:00+00:00,0,0.0,0,0.0,0,0,0.0,NO_MATCH,,,,
RING148,16,23,"fan_in,rapid_pass_through,repeated_intermediary",EMERGING,2018-07-27T00:00:00+00:00,2018-08-05T00:00:00+00:00,3,0.1875,0,0.0,3,0,0.0,ACCOUNT_MATCH_NO_TEMPORAL_OVERLAP,"1,318,4",,"14,58,77",
RING149,8,14,"fan_in,rapid_pass_through,repeated_intermediary",EMERGING,2018-07-29T00:00:00+00:00,2018-08-07T00:00:00+00:00,0,0.0,0,0.0,0,0,0.0,NO_MATCH,,,,
RING150,16,53,"circular_flow,rapid_pass_through,repeated_intermediary",OBSERVABLE_RING,2018-08-12T00:00:00+00:00,2018-08-19T00:00:00+00:00,2,0.125,0,0.0,2,0,0.0,ACCOUNT_MATCH_NO_TEMPORAL_OVERLAP,"26,30",,"32,89",
RING151,22,32,"fan_in,rapid_pass_through,repeated_intermediary",EMERGING,2018-08-01T00:00:00+00:00,2018-08-11T00:00:00+00:00,5,0.2273,0,0.0,5,0,0.0,ACCOUNT_MATCH_NO_TEMPORAL_OVERLAP,"13,2644,4,429,682",,"29,33,40,58,60",
RING152,44,146,"fan_in,rapid_pass_through,repeated_intermediary",EMERGING,2018-08-17T00:00:00+00:00,2018-08-27T00:00:00+00:00,6,0.1364,0,0.0,6,0,0.0,ACCOUNT_MATCH_NO_TEMPORAL_OVERLAP,"13,252,29,49,6,80",,"24,31,33,48,62,68",
RING153,19,23,"fan_in,layering,rapid_pass_through,repeated_intermediary",EMERGING,2018-08-08T00:00:00+00:00,2018-08-16T00:00:00+00:00,2,0.1053,0,0.0,2,0,0.0,ACCOUNT_MATCH_NO_TEMPORAL_OVERLAP,"29,628",,"48,55",
RING154,8,19,"fan_in,rapid_pass_through,repeated_intermediary",EMERGING,2018-08-15T00:00:00+00:00,2018-08-17T00:00:00+00:00,1,0.125,0,0.0,1,0,0.0,SINGLE_ACCOUNT_MATCH,136,,30,
RING155,16,18,"fan_in,rapid_pass_through,repeated_intermediary",EMERGING,2018-08-28T00:00:00+00:00,2018-09-06T00:00:00+00:00,5,0.3125,0,0.0,5,0,0.0,ACCOUNT_MATCH_NO_TEMPORAL_OVERLAP,"133,135,49,6,772",,"11,24,38,56,68",
RING156,40,55,"fan_in,layering,rapid_pass_through,repeated_intermediary",EMERGING,2018-08-28T00:00:00+00:00,2018-09-04T00:00:00+00:00,8,0.2,0,0.0,8,0,0.0,ACCOUNT_MATCH_NO_TEMPORAL_OVERLAP,"156,198,30,392,52,79,80,84",,"16,24,32,36,53,62,67,75",
RING157,45,185,"fan_in,rapid_pass_through,repeated_intermediary",EMERGING,2018-09-04T00:00:00+00:00,2018-09-05T00:00:00+00:00,8,0.1778,0,0.0,7,0,0.0,ACCOUNT_MATCH_NO_TEMPORAL_OVERLAP,"114,133,15,26,30,35,4,49",,"22,27,32,38,58,68,89",
RING158,9,14,"fan_in,rapid_pass_through,repeated_intermediary",EMERGING,2018-08-18T00:00:00+00:00,2018-08-27T00:00:00+00:00,1,0.1111,0,0.0,1,0,0.0,SINGLE_ACCOUNT_MATCH,26,,89,
RING159,7,17,"fan_in,rapid_pass_through,repeated_intermediary",EMERGING,2018-08-19T00:00:00+00:00,2018-08-27T00:00:00+00:00,0,0.0,0,0.0,0,0,0.0,NO_MATCH,,,,
RING160,11,119,"fan_in,rapid_pass_through,repeated_intermediary",EMERGING,2018-08-21T00:00:00+00:00,2018-08-31T00:00:00+00:00,2,0.1818,0,0.0,2,0,0.0,ACCOUNT_MATCH_NO_TEMPORAL_OVERLAP,"228,29",,"48,77",
RING161,29,37,"fan_in,rapid_pass_through,repeated_intermediary",EMERGING,2018-08-21T00:00:00+00:00,2018-08-29T00:00:00+00:00,4,0.1379,0,0.0,4,0,0.0,ACCOUNT_MATCH_NO_TEMPORAL_OVERLAP,"207,3214,4374,44",,"37,7,81,99",
RING162,28,35,"fan_in,rapid_pass_through,repeated_intermediary",EMERGING,2018-09-01T00:00:00+00:00,2018-09-07T00:00:00+00:00,3,0.1071,0,0.0,3,0,0.0,ACCOUNT_MATCH_NO_TEMPORAL_OVERLAP,"4374,493,80",,"17,62,81",
RING163,33,42,"fan_in,layering,rapid_pass_through,repeated_intermediary",EMERGING,2018-08-23T00:00:00+00:00,2018-09-02T00:00:00+00:00,10,0.303,0,0.0,9,0,0.0,ACCOUNT_MATCH_NO_TEMPORAL_OVERLAP,"1,130,136,2641,270,285,29,4383,555,69",,"12,14,30,37,48,52,69,77,95",
RING164,20,27,"fan_in,rapid_pass_through,repeated_intermediary",EMERGING,2018-08-26T00:00:00+00:00,2018-09-02T00:00:00+00:00,1,0.05,0,0.0,1,0,0.0,SINGLE_ACCOUNT_MATCH,52,,67,
RING165,18,28,"fan_in,rapid_pass_through,repeated_intermediary",EMERGING,2018-09-08T00:00:00+00:00,2018-09-10T00:00:00+00:00,4,0.2222,0,0.0,4,0,0.0,ACCOUNT_MATCH_NO_TEMPORAL_OVERLAP,"108,26,325,52",,"55,60,67,89",
RING166,9,8,"fan_in,layering,rapid_pass_through",EMERGING,2018-09-07T00:00:00+00:00,2018-09-07T00:00:00+00:00,0,0.0,0,0.0,0,0,0.0,NO_MATCH,,,,
RING167,30,37,"fan_in,rapid_pass_through,repeated_intermediary",EMERGING,2018-09-09T00:00:00+00:00,2018-09-14T00:00:00+00:00,7,0.2333,0,0.0,4,0,0.0,ACCOUNT_MATCH_NO_TEMPORAL_OVERLAP,"11541,135,1410,338,456,5040,596",,"20,21,56,63",
RING168,13,13,"fan_in,rapid_pass_through,repeated_intermediary",EMERGING,2018-09-08T00:00:00+00:00,2018-09-14T00:00:00+00:00,1,0.0769,0,0.0,1,0,0.0,SINGLE_ACCOUNT_MATCH,94,,47,
RING169,18,22,"fan_in,rapid_pass_through,repeated_intermediary",EMERGING,2018-08-31T00:00:00+00:00,2018-09-08T00:00:00+00:00,5,0.2778,0,0.0,5,0,0.0,ACCOUNT_MATCH_NO_TEMPORAL_OVERLAP,"113,114,246,30,45",,"27,32,34,41,51",
RING170,13,15,"circular_flow,fan_in,rapid_pass_through",OBSERVABLE_RING,2018-09-03T00:00:00+00:00,2018-09-11T00:00:00+00:00,0,0.0,0,0.0,0,0,0.0,NO_MATCH,,,,
RING171,13,14,"fan_in,rapid_pass_through,repeated_intermediary",EMERGING,2018-09-03T00:00:00+00:00,2018-09-11T00:00:00+00:00,3,0.2308,0,0.0,2,0,0.0,ACCOUNT_MATCH_NO_TEMPORAL_OVERLAP,"11668,687,8",,"42,62",
RING172,34,50,"fan_in,rapid_pass_through,repeated_intermediary",EMERGING,2018-09-03T00:00:00+00:00,2018-09-13T00:00:00+00:00,8,0.2353,0,0.0,8,0,0.0,ACCOUNT_MATCH_NO_TEMPORAL_OVERLAP,"105,13,133,15,26,364,448,49",,"1,29,32,33,38,58,68,89",
RING173,7,16,"fan_in,rapid_pass_through,repeated_intermediary",EMERGING,2018-09-05T00:00:00+00:00,2018-09-13T00:00:00+00:00,1,0.1429,0,0.0,1,0,0.0,SINGLE_ACCOUNT_MATCH,774,,10,
RING174,20,21,"fan_in,rapid_pass_through,repeated_intermediary",EMERGING,2018-09-09T00:00:00+00:00,2018-09-16T00:00:00+00:00,9,0.45,0,0.0,5,0,0.0,ACCOUNT_MATCH_NO_TEMPORAL_OVERLAP,"2468,35,55,6035,726,8343,887,894,9344",,"22,25,3,61,63",
RING175,9,9,"fan_in,rapid_pass_through,repeated_intermediary",EMERGING,2018-09-28T00:00:00+00:00,2018-09-29T00:00:00+00:00,2,0.2222,0,0.0,2,0,0.0,ACCOUNT_MATCH_NO_TEMPORAL_OVERLAP,"1,15",,"58,77",
RING176,21,25,"fan_in,rapid_pass_through,repeated_intermediary",EMERGING,2018-09-26T00:00:00+00:00,2018-10-02T00:00:00+00:00,8,0.381,0,0.0,6,0,0.0,ACCOUNT_MATCH_NO_TEMPORAL_OVERLAP,"113,130,198,318,3214,531,8228,84",,"13,14,36,37,41,53",
RING177,22,206,"fan_in,rapid_pass_through,repeated_intermediary",EMERGING,2018-09-14T00:00:00+00:00,2018-09-24T00:00:00+00:00,5,0.2273,0,0.0,5,0,0.0,ACCOUNT_MATCH_NO_TEMPORAL_OVERLAP,"113,136,15,188,325",,"30,41,47,58,60",
RING178,8,12,"fan_in,rapid_pass_through,repeated_intermediary",EMERGING,2018-09-16T00:00:00+00:00,2018-09-25T00:00:00+00:00,1,0.125,0,0.0,1,0,0.0,SINGLE_ACCOUNT_MATCH,334,,19,
RING179,10,122,"fan_in,rapid_pass_through,repeated_intermediary",EMERGING,2018-09-20T00:00:00+00:00,2018-09-25T00:00:00+00:00,1,0.1,0,0.0,1,0,0.0,SINGLE_ACCOUNT_MATCH,45,,34,
RING180,21,41,"fan_in,rapid_pass_through,repeated_intermediary",EMERGING,2018-09-21T00:00:00+00:00,2018-09-29T00:00:00+00:00,2,0.0952,0,0.0,2,0,0.0,ACCOUNT_MATCH_NO_TEMPORAL_OVERLAP,"13,136",,"30,33",
RING181,51,84,"fan_in,rapid_pass_through,repeated_intermediary",EMERGING,2018-10-02T00:00:00+00:00,2018-10-10T00:00:00+00:00,5,0.098,0,0.0,4,0,0.0,ACCOUNT_MATCH_NO_TEMPORAL_OVERLAP,"1,104,167,228,270",,"77,9,90,95",
RING182,7,18,"fan_in,rapid_pass_through,repeated_intermediary",EMERGING,2018-09-24T00:00:00+00:00,2018-09-26T00:00:00+00:00,2,0.2857,0,0.0,2,0,0.0,ACCOUNT_MATCH_NO_TEMPORAL_OVERLAP,"55,875",,"30,61",
RING183,14,15,"fan_in,rapid_pass_through,repeated_intermediary",EMERGING,2018-09-26T00:00:00+00:00,2018-10-02T00:00:00+00:00,1,0.0714,0,0.0,1,0,0.0,SINGLE_ACCOUNT_MATCH,45,,34,
RING184,6,21,"circular_flow,fan_in,rapid_pass_through,repeated_intermediary",OBSERVABLE_RING,2018-09-26T00:00:00+00:00,2018-09-29T00:00:00+00:00,1,0.1667,0,0.0,1,0,0.0,SINGLE_ACCOUNT_MATCH,94,,47,
RING185,64,274,"fan_in,rapid_pass_through,repeated_intermediary",EMERGING,2018-09-26T00:00:00+00:00,2018-10-06T00:00:00+00:00,14,0.2188,0,0.0,13,0,0.0,ACCOUNT_MATCH_NO_TEMPORAL_OVERLAP,"108,113,114,13,15,26,285,29,4,44,442,456,69,8",,"27,33,41,42,48,52,55,58,63,69,7,73,89",
RING186,16,26,"fan_in,rapid_pass_through,repeated_intermediary",EMERGING,2018-10-07T00:00:00+00:00,2018-10-12T00:00:00+00:00,2,0.125,0,0.0,2,0,0.0,ACCOUNT_MATCH_NO_TEMPORAL_OVERLAP,"440,591",,"4,78",
RING187,75,164,"fan_in,rapid_pass_through,repeated_intermediary",EMERGING,2018-10-19T00:00:00+00:00,2018-10-28T00:00:00+00:00,13,0.1733,0,0.0,13,0,0.0,ACCOUNT_MATCH_NO_TEMPORAL_OVERLAP,"26,281,291,30,313,325,49,52,55,587,6,687,8",,"24,32,42,43,50,60,61,62,67,68,85,87,89",
RING188,55,91,"circular_flow,fan_in,rapid_pass_through,repeated_intermediary",OBSERVABLE_RING,2018-10-19T00:00:00+00:00,2018-10-26T00:00:00+00:00,9,0.1636,0,0.0,8,0,0.0,ACCOUNT_MATCH_NO_TEMPORAL_OVERLAP,"198,26,326,4374,44,555,6,69,94",,"24,37,47,52,53,7,81,89",
RING189,28,40,"fan_in,rapid_pass_through,repeated_intermediary",EMERGING,2018-10-14T00:00:00+00:00,2018-10-18T00:00:00+00:00,4,0.1429,0,0.0,4,0,0.0,ACCOUNT_MATCH_NO_TEMPORAL_OVERLAP,"30,325,591,80",,"32,4,60,62",
RING190,11,11,"fan_in,layering,rapid_pass_through",EMERGING,2018-10-12T00:00:00+00:00,2018-10-21T00:00:00+00:00,1,0.0909,0,0.0,1,0,0.0,SINGLE_ACCOUNT_MATCH,6,,24,
RING191,16,25,"fan_in,rapid_pass_through,repeated_intermediary",EMERGING,2018-10-16T00:00:00+00:00,2018-10-23T00:00:00+00:00,3,0.1875,0,0.0,3,0,0.0,ACCOUNT_MATCH_NO_TEMPORAL_OVERLAP,"44,6,706",,"11,24,7",
RING192,76,159,"fan_in,rapid_pass_through,repeated_intermediary",EMERGING,2018-10-29T00:00:00+00:00,2018-11-07T00:00:00+00:00,11,0.1447,0,0.0,11,0,0.0,ACCOUNT_MATCH_NO_TEMPORAL_OVERLAP,"13,15,253,35,396,55,6,682,69,80,84",,"22,24,27,33,36,40,52,58,61,62,72",
RING193,20,34,"fan_in,rapid_pass_through,repeated_intermediary",EMERGING,2018-11-05T00:00:00+00:00,2018-11-06T00:00:00+00:00,6,0.3,0,0.0,6,0,0.0,ACCOUNT_MATCH_NO_TEMPORAL_OVERLAP,"13,322,44,470,49,774",,"10,33,48,68,7,82",
RING194,18,26,"fan_in,rapid_pass_through,repeated_intermediary",EMERGING,2018-11-07T00:00:00+00:00,2018-11-08T00:00:00+00:00,2,0.1111,0,0.0,2,0,0.0,ACCOUNT_MATCH_NO_TEMPORAL_OVERLAP,"198,252",,"31,53",
RING195,18,24,"fan_in,rapid_pass_through,repeated_intermediary",EMERGING,2018-10-23T00:00:00+00:00,2018-10-30T00:00:00+00:00,2,0.1111,0,0.0,2,0,0.0,ACCOUNT_MATCH_NO_TEMPORAL_OVERLAP,"236,4",,"58,89",
RING196,25,31,"fan_in,rapid_pass_through,repeated_intermediary",EMERGING,2018-11-03T00:00:00+00:00,2018-11-10T00:00:00+00:00,8,0.32,0,0.0,6,0,0.0,ACCOUNT_MATCH_NO_TEMPORAL_OVERLAP,"15,2846,344,402,44,580,69,8312",,"18,44,52,56,58,7",
RING197,8,7,"fan_in,layering,rapid_pass_through",EMERGING,2018-10-26T00:00:00+00:00,2018-10-29T00:00:00+00:00,1,0.125,0,0.0,1,0,0.0,SINGLE_ACCOUNT_MATCH,6,,24,
RING198,40,74,"fan_in,rapid_pass_through,repeated_intermediary",EMERGING,2018-10-26T00:00:00+00:00,2018-11-04T00:00:00+00:00,8,0.2,0,0.0,7,0,0.0,ACCOUNT_MATCH_NO_TEMPORAL_OVERLAP,"13,15,167,26,29,35,4,72",,"22,33,48,58,79,89,90",
RING199,44,54,"fan_in,rapid_pass_through,repeated_intermediary",EMERGING,2018-11-12T00:00:00+00:00,2018-11-13T00:00:00+00:00,8,0.1818,0,0.0,7,0,0.0,ACCOUNT_MATCH_NO_TEMPORAL_OVERLAP,"108,133,442,49,52,8,84,9967",,"36,38,42,55,67,68,73",
RING200,13,14,"fan_in,layering,rapid_pass_through",EMERGING,2018-10-28T00:00:00+00:00,2018-11-05T00:00:00+00:00,1,0.0769,0,0.0,1,0,0.0,SINGLE_ACCOUNT_MATCH,478,,40,
RING201,39,129,"fan_in,rapid_pass_through,repeated_intermediary",EMERGING,2018-10-29T00:00:00+00:00,2018-10-31T00:00:00+00:00,6,0.1538,0,0.0,6,0,0.0,ACCOUNT_MATCH_NO_TEMPORAL_OVERLAP,"113,30,313,45,6,8",,"24,32,34,41,42,87",
RING202,39,65,"fan_in,rapid_pass_through,repeated_intermediary",EMERGING,2018-10-29T00:00:00+00:00,2018-11-07T00:00:00+00:00,5,0.1282,0,0.0,5,0,0.0,ACCOUNT_MATCH_NO_TEMPORAL_OVERLAP,"15,266,35,4374,79",,"22,24,58,81,93",
RING203,66,139,"fan_in,rapid_pass_through,repeated_intermediary",EMERGING,2018-11-06T00:00:00+00:00,2018-11-08T00:00:00+00:00,7,0.1061,0,0.0,6,0,0.0,ACCOUNT_MATCH_NO_TEMPORAL_OVERLAP,"30,301,376,4,425,62,8730",,"0,32,58,65,71,89",
RING204,44,77,"fan_in,rapid_pass_through,repeated_intermediary",EMERGING,2018-11-14T00:00:00+00:00,2018-11-16T00:00:00+00:00,19,0.4318,0,0.0,14,0,0.0,ACCOUNT_MATCH_NO_TEMPORAL_OVERLAP,"10009,10217,113,114,13,136,15,26,261,270,2777,29,30,3966,4373,6,682,6936,895",,"24,27,30,32,33,40,41,44,48,55,58,89,90,95",
RING205,57,96,"fan_in,rapid_pass_through,repeated_intermediary",EMERGING,2018-11-17T00:00:00+00:00,2018-11-26T00:00:00+00:00,14,0.2456,0,0.0,12,0,0.0,ACCOUNT_MATCH_NO_TEMPORAL_OVERLAP,"113,252,275,30,306,313,35,44,440,5094,52,6059,8,80",,"22,31,32,41,42,46,62,66,67,7,78,87",
RING206,88,148,"fan_in,rapid_pass_through,repeated_intermediary",EMERGING,2018-11-17T00:00:00+00:00,2018-11-24T00:00:00+00:00,16,0.1818,0,0.0,13,0,0.0,ACCOUNT_MATCH_NO_TEMPORAL_OVERLAP,"13,15,1628,228,2641,364,387,52,5299,6,664,686,79,895,94,9857",,"23,24,32,33,37,39,40,47,54,58,67,77,79",
RING207,20,29,"fan_in,rapid_pass_through,repeated_intermediary",EMERGING,2018-11-06T00:00:00+00:00,2018-11-14T00:00:00+00:00,3,0.15,0,0.0,3,0,0.0,ACCOUNT_MATCH_NO_TEMPORAL_OVERLAP,"108,313,513",,"55,8,87",
RING208,85,157,"fan_in,rapid_pass_through,repeated_intermediary",EMERGING,2018-11-08T00:00:00+00:00,2018-11-15T00:00:00+00:00,15,0.1765,0,0.0,14,0,0.0,ACCOUNT_MATCH_NO_TEMPORAL_OVERLAP,"1,13,133,228,26,291,318,322,402,429,477,480,55,62,8",,"14,33,38,42,44,48,50,6,60,61,71,76,77,89",
RING209,32,62,"fan_in,rapid_pass_through,repeated_intermediary",EMERGING,2018-11-20T00:00:00+00:00,2018-11-21T00:00:00+00:00,7,0.2188,0,0.0,6,0,0.0,ACCOUNT_MATCH_NO_TEMPORAL_OVERLAP,"13,15,35,364,387,44,766",,"22,32,33,54,58,7",
RING210,6,19,"fan_in,rapid_pass_through,repeated_intermediary",EMERGING,2018-11-12T00:00:00+00:00,2018-11-14T00:00:00+00:00,2,0.3333,0,0.0,2,0,0.0,ACCOUNT_MATCH_NO_TEMPORAL_OVERLAP,"135,715",,"45,56",
RING211,70,132,"fan_in,rapid_pass_through,repeated_intermediary",EMERGING,2018-11-24T00:00:00+00:00,2018-12-03T00:00:00+00:00,17,0.2429,0,0.0,17,0,0.0,ACCOUNT_MATCH_NO_TEMPORAL_OVERLAP,"105,113,114,13,130,228,2493,26,30,4,44,45,456,52,6,69,72",,"1,14,24,27,32,33,34,41,52,58,63,67,7,77,79,81,89",
RING212,19,34,"fan_in,rapid_pass_through,repeated_intermediary",EMERGING,2018-11-30T00:00:00+00:00,2018-12-02T00:00:00+00:00,4,0.2105,0,0.0,4,0,0.0,ACCOUNT_MATCH_NO_TEMPORAL_OVERLAP,"280,44,489,9118",,"15,48,55,7",
RING213,9,9,"fan_in,rapid_pass_through,repeated_intermediary",EMERGING,2018-11-16T00:00:00+00:00,2018-11-18T00:00:00+00:00,2,0.2222,0,0.0,2,0,0.0,ACCOUNT_MATCH_NO_TEMPORAL_OVERLAP,"6,94",,"24,47",
RING214,23,32,"fan_in,rapid_pass_through,repeated_intermediary",EMERGING,2018-11-25T00:00:00+00:00,2018-11-26T00:00:00+00:00,5,0.2174,0,0.0,5,0,0.0,ACCOUNT_MATCH_NO_TEMPORAL_OVERLAP,"105,338,478,55,80",,"1,20,40,61,62",
RING215,68,104,"fan_in,rapid_pass_through,repeated_intermediary",EMERGING,2018-11-27T00:00:00+00:00,2018-11-28T00:00:00+00:00,13,0.1912,0,0.0,12,0,0.0,ACCOUNT_MATCH_NO_TEMPORAL_OVERLAP,"108,114,130,252,29,322,44,62,72,766,79,8,9014",,"0,14,24,27,31,32,42,48,55,7,71,79",
RING216,3,29,"circular_flow,rapid_pass_through,repeated_intermediary",OBSERVABLE_RING,2018-12-02T00:00:00+00:00,2018-12-05T00:00:00+00:00,0,0.0,0,0.0,0,0,0.0,NO_MATCH,,,,
RING217,97,136,"fan_in,rapid_pass_through,repeated_intermediary",EMERGING,2018-11-29T00:00:00+00:00,2018-12-01T00:00:00+00:00,19,0.1959,0,0.0,19,0,0.0,ACCOUNT_MATCH_NO_TEMPORAL_OVERLAP,"1,114,133,135,136,15,207,26,275,29,30,44,510,55,62,69,79,8,80",,"24,27,30,32,38,42,48,52,56,58,61,62,66,7,71,77,89,94,99",
RING218,21,32,"fan_in,rapid_pass_through,repeated_intermediary",EMERGING,2018-11-19T00:00:00+00:00,2018-11-26T00:00:00+00:00,1,0.0476,0,0.0,1,0,0.0,SINGLE_ACCOUNT_MATCH,322,,48,
RING219,88,152,"fan_in,rapid_pass_through,repeated_intermediary",EMERGING,2018-12-04T00:00:00+00:00,2018-12-05T00:00:00+00:00,10,0.1136,0,0.0,10,0,0.0,ACCOUNT_MATCH_NO_TEMPORAL_OVERLAP,"133,228,30,35,49,52,551,62,8,80",,"16,22,32,38,42,62,67,68,71,77",
RING220,66,125,"fan_in,rapid_pass_through,repeated_intermediary",EMERGING,2018-11-29T00:00:00+00:00,2018-12-07T00:00:00+00:00,9,0.1364,0,0.0,8,0,0.0,ACCOUNT_MATCH_NO_TEMPORAL_OVERLAP,"105,133,15,29,30,4,44,49,79",,"1,24,32,38,48,58,68,7",
RING221,10,37,"fan_in,rapid_pass_through,repeated_intermediary",EMERGING,2018-11-19T00:00:00+00:00,2018-11-28T00:00:00+00:00,3,0.3,0,0.0,3,0,0.0,ACCOUNT_MATCH_NO_TEMPORAL_OVERLAP,"628,729,875",,"30,55,88",
RING222,6,19,"fan_in,rapid_pass_through,repeated_intermediary",EMERGING,2018-11-20T00:00:00+00:00,2018-11-22T00:00:00+00:00,0,0.0,0,0.0,0,0,0.0,NO_MATCH,,,,
RING223,9,16,"circular_flow,rapid_pass_through,repeated_intermediary",OBSERVABLE_RING,2018-11-20T00:00:00+00:00,2018-11-26T00:00:00+00:00,4,0.4444,0,0.0,3,0,0.0,ACCOUNT_MATCH_NO_TEMPORAL_OVERLAP,"15,384,45,692",,"34,58,80",
RING224,24,42,"fan_in,rapid_pass_through,repeated_intermediary",EMERGING,2018-11-21T00:00:00+00:00,2018-11-28T00:00:00+00:00,6,0.25,0,0.0,5,0,0.0,ACCOUNT_MATCH_NO_TEMPORAL_OVERLAP,"1,15,26,35,470,8661",,"22,58,77,82,89",
RING225,19,27,"fan_in,rapid_pass_through,repeated_intermediary",EMERGING,2018-11-29T00:00:00+00:00,2018-11-30T00:00:00+00:00,3,0.1579,0,0.0,3,0,0.0,ACCOUNT_MATCH_NO_TEMPORAL_OVERLAP,"30,35,8",,"22,32,42",
RING226,67,148,"fan_in,rapid_pass_through,repeated_intermediary",EMERGING,2018-12-02T00:00:00+00:00,2018-12-07T00:00:00+00:00,11,0.1642,0,0.0,11,0,0.0,ACCOUNT_MATCH_NO_TEMPORAL_OVERLAP,"13,135,26,334,35,396,398,518,52,55,6",,"19,22,24,33,56,61,64,67,72,86,89",
RING227,95,155,"fan_in,rapid_pass_through,repeated_intermediary",EMERGING,2018-11-21T00:00:00+00:00,2018-11-28T00:00:00+00:00,14,0.1474,0,0.0,13,0,0.0,ACCOUNT_MATCH_NO_TEMPORAL_OVERLAP,"108,13,133,29,30,313,338,35,4,49,510,55,628,84",,"20,22,32,33,36,38,48,55,58,61,68,87,94",
RING228,93,154,"fan_in,rapid_pass_through,repeated_intermediary",EMERGING,2018-11-22T00:00:00+00:00,2018-11-29T00:00:00+00:00,19,0.2043,0,0.0,17,0,0.0,ACCOUNT_MATCH_NO_TEMPORAL_OVERLAP,"108,13,15,167,26,291,30,301,35,425,45,510,55,6,62,647,706,731,80",,"11,22,24,32,33,34,50,55,58,61,62,65,71,8,89,90,94",
RING229,12,30,"circular_flow,rapid_pass_through,repeated_intermediary",OBSERVABLE_RING,2018-11-27T00:00:00+00:00,2018-11-28T00:00:00+00:00,1,0.0833,0,0.0,1,0,0.0,SINGLE_ACCOUNT_MATCH,55,,61,
RING230,66,197,"fan_in,rapid_pass_through,repeated_intermediary",EMERGING,2018-12-08T00:00:00+00:00,2018-12-10T00:00:00+00:00,13,0.197,0,0.0,13,0,0.0,ACCOUNT_MATCH_NO_TEMPORAL_OVERLAP,"113,13,1499,15,207,26,29,344,477,55,79,8,84",,"18,24,33,36,41,42,48,50,58,61,76,89,99",
RING231,76,119,"fan_in,rapid_pass_through,repeated_intermediary",EMERGING,2018-11-28T00:00:00+00:00,2018-12-02T00:00:00+00:00,12,0.1579,0,0.0,11,0,0.0,ACCOUNT_MATCH_NO_TEMPORAL_OVERLAP,"1,104,105,108,135,266,29,364,49,515,580,6",,"1,24,32,48,55,56,68,74,77,9,93",
RING232,32,285,"fan_in,rapid_pass_through,repeated_intermediary",EMERGING,2018-11-24T00:00:00+00:00,2018-12-01T00:00:00+00:00,2,0.0625,0,0.0,2,0,0.0,ACCOUNT_MATCH_NO_TEMPORAL_OVERLAP,"13,49",,"33,68",
RING233,24,45,"fan_in,rapid_pass_through,repeated_intermediary",EMERGING,2018-12-11T00:00:00+00:00,2018-12-12T00:00:00+00:00,2,0.0833,0,0.0,2,0,0.0,ACCOUNT_MATCH_NO_TEMPORAL_OVERLAP,"167,49",,"68,90",
RING234,10,20,"fan_in,rapid_pass_through,repeated_intermediary",EMERGING,2018-11-26T00:00:00+00:00,2018-12-04T00:00:00+00:00,0,0.0,0,0.0,0,0,0.0,NO_MATCH,,,,
RING235,93,139,"fan_in,rapid_pass_through,repeated_intermediary",EMERGING,2018-11-27T00:00:00+00:00,2018-12-06T00:00:00+00:00,14,0.1505,0,0.0,12,0,0.0,ACCOUNT_MATCH_NO_TEMPORAL_OVERLAP,"104,133,15,251,252,26,260,29,4,470,596,6,80,84",,"21,24,31,36,38,48,52,58,62,82,89,9",
RING236,32,48,"fan_in,rapid_pass_through,repeated_intermediary",EMERGING,2018-12-02T00:00:00+00:00,2018-12-05T00:00:00+00:00,3,0.0938,0,0.0,3,0,0.0,ACCOUNT_MATCH_NO_TEMPORAL_OVERLAP,"113,338,72",,"20,41,79",
RING237,93,154,"fan_in,rapid_pass_through,repeated_intermediary",EMERGING,2018-12-12T00:00:00+00:00,2018-12-18T00:00:00+00:00,15,0.1613,0,0.0,15,0,0.0,ACCOUNT_MATCH_NO_TEMPORAL_OVERLAP,"108,13,136,1499,167,26,29,429,45,52,521,6,8,80,84",,"24,30,33,34,36,42,48,50,55,57,60,62,67,89,90",
RING238,100,208,"fan_in,rapid_pass_through,repeated_intermediary",EMERGING,2018-11-29T00:00:00+00:00,2018-12-09T00:00:00+00:00,21,0.21,0,0.0,14,0,0.0,ACCOUNT_MATCH_NO_TEMPORAL_OVERLAP,"1002,114,136,1623,26,30,306,344,4383,44,49,546,5728,6,72,726,7269,7607,79,887,9446",,"12,18,24,25,27,30,32,36,46,63,68,7,79,89",
RING239,81,213,"fan_in,rapid_pass_through,repeated_intermediary",EMERGING,2018-12-13T00:00:00+00:00,2018-12-19T00:00:00+00:00,16,0.1975,0,0.0,16,0,0.0,ACCOUNT_MATCH_NO_TEMPORAL_OVERLAP,"10031,114,13,135,26,261,270,29,30,35,4,44,45,55,8,94",,"13,22,27,32,33,34,42,44,47,48,56,58,61,7,89,95",
RING240,88,148,"fan_in,rapid_pass_through,repeated_intermediary",EMERGING,2018-12-16T00:00:00+00:00,2018-12-17T00:00:00+00:00,12,0.1364,0,0.0,12,0,0.0,ACCOUNT_MATCH_NO_TEMPORAL_OVERLAP,"13,246,252,2613,29,35,392,4,49,52,8,875",,"16,22,30,31,33,41,42,48,51,58,67,68",
RING241,98,190,"fan_in,rapid_pass_through,repeated_intermediary",EMERGING,2018-12-16T00:00:00+00:00,2018-12-18T00:00:00+00:00,15,0.1531,0,0.0,13,0,0.0,ACCOUNT_MATCH_NO_TEMPORAL_OVERLAP,"108,1124,15,26,30,362,384,4,44,478,52,546,55,587,6",,"12,24,28,32,40,43,55,58,61,67,7,80,89",
RING242,100,194,"fan_in,rapid_pass_through,repeated_intermediary",EMERGING,2018-12-04T00:00:00+00:00,2018-12-12T00:00:00+00:00,17,0.17,0,0.0,16,0,0.0,ACCOUNT_MATCH_NO_TEMPORAL_OVERLAP,"108,15,2260,242,26,30,35,4,416,45,480,5171,52,55,62,72,8",,"22,26,32,34,42,55,58,6,61,62,67,71,77,79,89,96",
RING243,100,163,"fan_in,rapid_pass_through,repeated_intermediary",EMERGING,2018-12-04T00:00:00+00:00,2018-12-14T00:00:00+00:00,18,0.18,0,0.0,17,0,0.0,ACCOUNT_MATCH_NO_TEMPORAL_OVERLAP,"130,1377,188,26,29,291,318,387,4,425,44,480,49,6,62,69,8,84",,"14,24,36,42,43,47,48,50,52,54,58,6,65,68,7,71,89",
RING244,70,208,"fan_in,rapid_pass_through,repeated_intermediary",EMERGING,2018-12-07T00:00:00+00:00,2018-12-15T00:00:00+00:00,9,0.1286,0,0.0,9,0,0.0,ACCOUNT_MATCH_NO_TEMPORAL_OVERLAP,"105,133,26,29,4,478,489,52,6",,"1,24,38,40,48,55,58,67,89",
RING245,97,170,"circular_flow,rapid_pass_through,repeated_intermediary",OBSERVABLE_RING,2018-12-07T00:00:00+00:00,2018-12-16T00:00:00+00:00,23,0.2371,0,0.0,21,0,0.0,ACCOUNT_MATCH_NO_TEMPORAL_OVERLAP,"104,113,114,13,136,15,252,2558,26,280,29,334,4,44,45,49,506,52,6,62,729,79,8",,"15,19,2,24,27,30,31,33,34,41,42,48,58,67,68,7,71,8,88,89,9",
RING246,82,311,"fan_in,rapid_pass_through,repeated_intermediary",EMERGING,2018-12-07T00:00:00+00:00,2018-12-16T00:00:00+00:00,19,0.2317,0,0.0,18,0,0.0,ACCOUNT_MATCH_NO_TEMPORAL_OVERLAP,"1,113,114,13,136,15,249,26,281,29,291,301,35,44,45,456,493,52,69",,"17,22,27,30,33,34,36,41,48,50,52,58,63,67,7,77,85,89",
RING247,81,197,"fan_in,rapid_pass_through,repeated_intermediary",EMERGING,2018-12-08T00:00:00+00:00,2018-12-18T00:00:00+00:00,17,0.2099,0,0.0,16,0,0.0,ACCOUNT_MATCH_NO_TEMPORAL_OVERLAP,"104,108,13,246,251,26,2708,280,29,30,344,35,55,62,689,72,772",,"11,15,18,22,32,33,48,51,52,55,61,71,79,84,89,9",
RING248,84,178,"fan_in,rapid_pass_through,repeated_intermediary",EMERGING,2018-12-08T00:00:00+00:00,2018-12-10T00:00:00+00:00,19,0.2262,0,0.0,18,0,0.0,ACCOUNT_MATCH_NO_TEMPORAL_OVERLAP,"13,15,198,26,29,30,35,376,45,531,535,559,6,62,72,79,8,80,94",,"0,13,22,24,32,33,34,42,47,48,53,58,62,71,79,89,91,96",
RING249,65,212,"fan_in,rapid_pass_through,repeated_intermediary",EMERGING,2018-12-08T00:00:00+00:00,2018-12-17T00:00:00+00:00,11,0.1692,0,0.0,11,0,0.0,ACCOUNT_MATCH_NO_TEMPORAL_OVERLAP,"1,13,136,26,30,35,52,6,62,72,8",,"22,24,30,32,33,42,67,71,77,79,89",
RING250,54,128,"fan_in,rapid_pass_through,repeated_intermediary",EMERGING,2018-12-09T00:00:00+00:00,2018-12-15T00:00:00+00:00,9,0.1667,0,0.0,9,0,0.0,ACCOUNT_MATCH_NO_TEMPORAL_OVERLAP,"113,114,1518,26,30,448,69,8,94",,"27,29,30,32,41,42,47,52,89",
RING251,90,187,"fan_in,rapid_pass_through,repeated_intermediary",EMERGING,2018-12-10T00:00:00+00:00,2018-12-14T00:00:00+00:00,17,0.1889,0,0.0,17,0,0.0,ACCOUNT_MATCH_NO_TEMPORAL_OVERLAP,"114,13,133,15,156,206,26,29,35,440,45,49,515,55,6,729,8",,"22,24,27,33,34,35,38,42,48,58,61,68,74,75,78,88,89",
RING252,71,110,"fan_in,rapid_pass_through,repeated_intermediary",EMERGING,2018-12-11T00:00:00+00:00,2018-12-18T00:00:00+00:00,12,0.169,0,0.0,12,0,0.0,ACCOUNT_MATCH_NO_TEMPORAL_OVERLAP,"13,135,167,26,326,35,354,44,45,62,628,8",,"22,33,34,37,42,55,56,7,71,83,89,90",
RING253,100,163,"fan_in,rapid_pass_through,repeated_intermediary",EMERGING,2018-12-11T00:00:00+00:00,2018-12-16T00:00:00+00:00,14,0.14,0,0.0,14,0,0.0,ACCOUNT_MATCH_NO_TEMPORAL_OVERLAP,"13,246,280,29,35,44,45,515,52,6,684,686,69,84",,"15,22,23,24,33,34,36,48,51,52,67,7,73,74",
RING254,30,531,"circular_flow,rapid_pass_through,repeated_intermediary",OBSERVABLE_RING,2018-12-11T00:00:00+00:00,2018-12-19T00:00:00+00:00,6,0.2,0,0.0,6,0,0.0,ACCOUNT_MATCH_NO_TEMPORAL_OVERLAP,"104,105,188,30,45,55",,"1,32,34,47,61,9",
RING255,81,357,"fan_in,rapid_pass_through,repeated_intermediary",EMERGING,2018-12-13T00:00:00+00:00,2018-12-21T00:00:00+00:00,17,0.2099,0,0.0,17,0,0.0,ACCOUNT_MATCH_NO_TEMPORAL_OVERLAP,"105,13,130,253,270,29,30,35,4,44,45,515,55,6,72,810,84",,"1,14,22,24,27,32,33,34,36,48,58,61,7,74,79,80,95",
RING256,86,124,"fan_in,rapid_pass_through,repeated_intermediary",EMERGING,2018-12-11T00:00:00+00:00,2018-12-19T00:00:00+00:00,10,0.1163,0,0.0,9,0,0.0,ACCOUNT_MATCH_NO_TEMPORAL_OVERLAP,"108,133,15,2906,44,4733,489,49,52,62",,"38,4,55,58,67,68,7,71,98",
RING257,60,126,"fan_in,rapid_pass_through,repeated_intermediary",EMERGING,2018-12-17T00:00:00+00:00,2018-12-21T00:00:00+00:00,12,0.2,0,0.0,11,0,0.0,ACCOUNT_MATCH_NO_TEMPORAL_OVERLAP,"113,15,246,252,30,35,489,52,551,6,8,9704",,"16,22,24,31,32,41,42,51,55,58,67",
RING258,35,51,"fan_in,rapid_pass_through,repeated_intermediary",EMERGING,2018-12-11T00:00:00+00:00,2018-12-21T00:00:00+00:00,3,0.0857,0,0.0,3,0,0.0,ACCOUNT_MATCH_NO_TEMPORAL_OVERLAP,"13,30,80",,"32,33,62",
RING259,22,31,"fan_in,rapid_pass_through,repeated_intermediary",EMERGING,2018-12-19T00:00:00+00:00,2018-12-20T00:00:00+00:00,2,0.0909,0,0.0,2,0,0.0,ACCOUNT_MATCH_NO_TEMPORAL_OVERLAP,"26,4400",,"80,89",
RING260,3,251,"circular_flow,rapid_pass_through,repeated_intermediary",OBSERVABLE_RING,2018-12-12T00:00:00+00:00,2018-12-21T00:00:00+00:00,0,0.0,0,0.0,0,0,0.0,NO_MATCH,,,,
RING261,88,179,"fan_in,rapid_pass_through,repeated_intermediary",EMERGING,2018-12-14T00:00:00+00:00,2018-12-16T00:00:00+00:00,16,0.1818,0,0.0,15,0,0.0,ACCOUNT_MATCH_NO_TEMPORAL_OVERLAP,"108,13,15,2111,26,29,291,325,35,49,513,55,647,69,72,887",,"22,33,48,50,52,55,58,60,61,63,68,75,79,8,89",
RING262,100,220,"fan_in,rapid_pass_through,repeated_intermediary",EMERGING,2018-12-15T00:00:00+00:00,2018-12-17T00:00:00+00:00,16,0.16,0,0.0,14,0,0.0,ACCOUNT_MATCH_NO_TEMPORAL_OVERLAP,"1,108,114,13,207,236,246,26,29,301,344,35,4,62,647,94",,"18,22,27,33,47,48,51,55,58,71,77,8,89,99",
RING263,82,154,"fan_in,rapid_pass_through,repeated_intermediary",EMERGING,2018-12-16T00:00:00+00:00,2018-12-16T00:00:00+00:00,11,0.1341,0,0.0,11,0,0.0,ACCOUNT_MATCH_NO_TEMPORAL_OVERLAP,"135,15,252,275,30,387,45,49,55,587,647",,"31,32,34,43,54,56,58,61,66,68,8",
RING264,87,118,"fan_in,rapid_pass_through,repeated_intermediary",EMERGING,2018-12-19T00:00:00+00:00,2018-12-20T00:00:00+00:00,22,0.2529,0,0.0,21,0,0.0,ACCOUNT_MATCH_NO_TEMPORAL_OVERLAP,"104,108,130,133,167,198,228,275,29,35,384,4,406,44,45,52,6,62,69,72,79,8",,"14,22,24,34,36,38,42,48,52,53,55,58,66,67,7,71,77,79,80,9,90",
RING265,50,75,"fan_in,rapid_pass_through,repeated_intermediary",EMERGING,2018-12-20T00:00:00+00:00,2018-12-21T00:00:00+00:00,5,0.1,0,0.0,5,0,0.0,ACCOUNT_MATCH_NO_TEMPORAL_OVERLAP,"133,206,261,29,72",,"35,38,44,48,79",
