candidate_ring_id,alert_id,alert_type,is_sar,candidate_accounts,alert_accounts,common_accounts,account_overlap_ratio,candidate_start,candidate_end,alert_first_time,alert_last_time,n_alert_transactions,overlap_hours,lead_time_hours,early_warning,match_status,patterns,formation_stage,risk_score,common_accounts_list
RING123,13,fan_in,True,24,9,7,0.2917,2018-04-28T00:00:00+00:00,2018-05-08T00:00:00+00:00,2017-01-01T00:00:00+00:00,2017-05-14T00:00:00+00:00,8,0.0,-11568.0,False,ACCOUNT_MATCH_NO_TEMPORAL_OVERLAP,"fan_in,rapid_pass_through,repeated_intermediary",EMERGING,,"10031,10324,1764,2344,3207,531,5605"
RING238,12,fan_in,True,100,10,7,0.07,2018-11-29T00:00:00+00:00,2018-12-09T00:00:00+00:00,2017-01-01T00:00:00+00:00,2018-06-21T00:00:00+00:00,9,0.0,-16728.0,False,ACCOUNT_MATCH_NO_TEMPORAL_OVERLAP,"fan_in,rapid_pass_through,repeated_intermediary",EMERGING,,"1002,1623,4383,546,5728,7269,9446"
RING174,25,fan_in,True,20,9,5,0.25,2018-09-09T00:00:00+00:00,2018-09-16T00:00:00+00:00,2017-01-01T00:00:00+00:00,2018-09-09T00:00:00+00:00,8,0.0,-14784.0,False,ACCOUNT_MATCH_NO_TEMPORAL_OVERLAP,"fan_in,rapid_pass_through,repeated_intermediary",EMERGING,,"2468,6035,726,8343,9344"
RING204,44,fan_out,True,44,10,5,0.1136,2018-11-14T00:00:00+00:00,2018-11-16T00:00:00+00:00,2017-02-01T00:00:00+00:00,2017-12-06T00:00:00+00:00,9,0.0,-15624.0,False,ACCOUNT_MATCH_NO_TEMPORAL_OVERLAP,"fan_in,rapid_pass_through,repeated_intermediary",EMERGING,,"10009,10217,261,3966,6936"
RING116,2,fan_in,True,22,8,4,0.1818,2018-02-26T00:00:00+00:00,2018-03-08T00:00:00+00:00,2017-01-01T00:00:00+00:00,2017-06-06T00:00:00+00:00,7,0.0,-10104.0,False,ACCOUNT_MATCH_NO_TEMPORAL_OVERLAP,"fan_in,rapid_pass_through,repeated_intermediary",EMERGING,,"2378,4415,506,7899"
RING167,21,fan_in,True,30,10,4,0.1333,2018-09-09T00:00:00+00:00,2018-09-14T00:00:00+00:00,2017-01-01T00:00:00+00:00,2017-07-04T00:00:00+00:00,9,0.0,-14784.0,False,ACCOUNT_MATCH_NO_TEMPORAL_OVERLAP,"fan_in,rapid_pass_through,repeated_intermediary",EMERGING,,"11541,1410,5040,596"
RING132,24,fan_in,True,51,10,3,0.0588,2018-06-30T00:00:00+00:00,2018-07-04T00:00:00+00:00,2017-01-01T00:00:00+00:00,2017-06-26T00:00:00+00:00,9,0.0,-13080.0,False,ACCOUNT_MATCH_NO_TEMPORAL_OVERLAP,"fan_in,rapid_pass_through,repeated_intermediary",EMERGING,,"5789,6,79"
RING176,14,fan_in,True,21,5,3,0.1429,2018-09-26T00:00:00+00:00,2018-10-02T00:00:00+00:00,2017-01-02T00:00:00+00:00,2017-09-26T00:00:00+00:00,4,0.0,-15168.0,False,ACCOUNT_MATCH_NO_TEMPORAL_OVERLAP,"fan_in,rapid_pass_through,repeated_intermediary",EMERGING,,"130,318,8228"
RING196,18,fan_in,True,25,5,3,0.12,2018-11-03T00:00:00+00:00,2018-11-10T00:00:00+00:00,2017-01-01T00:00:00+00:00,2017-05-13T00:00:00+00:00,4,0.0,-16104.0,False,ACCOUNT_MATCH_NO_TEMPORAL_OVERLAP,"fan_in,rapid_pass_through,repeated_intermediary",EMERGING,,"2846,344,8312"
RING206,54,fan_out,True,88,5,3,0.0341,2018-11-17T00:00:00+00:00,2018-11-24T00:00:00+00:00,2017-04-23T00:00:00+00:00,2017-07-20T00:00:00+00:00,4,0.0,-13752.0,False,ACCOUNT_MATCH_NO_TEMPORAL_OVERLAP,"fan_in,rapid_pass_through,repeated_intermediary",EMERGING,,"387,5299,9857"
RING262,89,cycle,True,100,7,3,0.03,2018-12-15T00:00:00+00:00,2018-12-17T00:00:00+00:00,2017-05-26T00:00:00+00:00,2017-06-13T00:00:00+00:00,7,0.0,-13632.0,False,ACCOUNT_MATCH_NO_TEMPORAL_OVERLAP,"fan_in,rapid_pass_through,repeated_intermediary",EMERGING,,"236,26,301"
RING043,40,fan_out,True,11,6,2,0.1818,2017-05-15T00:00:00+00:00,2017-05-25T00:00:00+00:00,2017-02-13T00:00:00+00:00,2018-08-10T00:00:00+00:00,5,240.0,-2184.0,False,TEMPORAL_GROUND_TRUTH_MATCH,"circular_flow,fan_in,rapid_pass_through",OBSERVABLE_RING,,"478,895"
RING096,40,fan_out,True,14,6,2,0.1429,2018-01-08T00:00:00+00:00,2018-01-17T00:00:00+00:00,2017-02-13T00:00:00+00:00,2018-08-10T00:00:00+00:00,5,216.0,-7896.0,False,TEMPORAL_GROUND_TRUTH_MATCH,"circular_flow,fan_in,rapid_pass_through",OBSERVABLE_RING,,"478,895"
RING143,15,fan_in,True,14,8,2,0.1429,2018-07-13T00:00:00+00:00,2018-07-22T00:00:00+00:00,2017-01-01T00:00:00+00:00,2018-07-25T00:00:00+00:00,7,216.0,-13392.0,False,TEMPORAL_GROUND_TRUTH_MATCH,"fan_in,rapid_pass_through,repeated_intermediary",EMERGING,,"280,527"
RING122,15,fan_in,True,20,8,2,0.1,2018-04-21T00:00:00+00:00,2018-04-29T00:00:00+00:00,2017-01-01T00:00:00+00:00,2018-07-25T00:00:00+00:00,7,192.0,-11400.0,False,TEMPORAL_GROUND_TRUTH_MATCH,"fan_in,layering,rapid_pass_through",EMERGING,,"280,7808"
RING008,24,fan_in,True,13,10,2,0.1538,2017-01-21T00:00:00+00:00,2017-01-28T00:00:00+00:00,2017-01-01T00:00:00+00:00,2017-06-26T00:00:00+00:00,9,168.0,-480.0,False,TEMPORAL_GROUND_TRUTH_MATCH,"circular_flow,fan_in,rapid_pass_through",OBSERVABLE_RING,,"4354,6"
RING104,52,fan_out,True,9,9,2,0.2222,2018-01-25T00:00:00+00:00,2018-02-01T00:00:00+00:00,2017-05-20T00:00:00+00:00,2018-08-16T00:00:00+00:00,8,168.0,-6000.0,False,TEMPORAL_GROUND_TRUTH_MATCH,"fan_in,rapid_pass_through,repeated_intermediary",EMERGING,,"4648,69"
RING051,33,fan_out,True,17,6,2,0.1176,2017-06-09T00:00:00+00:00,2017-06-15T00:00:00+00:00,2017-02-06T00:00:00+00:00,2017-12-05T00:00:00+00:00,5,144.0,-2952.0,False,TEMPORAL_GROUND_TRUTH_MATCH,"circular_flow,fan_in,rapid_pass_through",OBSERVABLE_RING,,"13,1971"
RING075,34,fan_out,True,12,5,2,0.1667,2017-08-29T00:00:00+00:00,2017-09-08T00:00:00+00:00,2017-04-11T00:00:00+00:00,2017-09-03T00:00:00+00:00,4,120.0,-3360.0,False,TEMPORAL_GROUND_TRUTH_MATCH,"circular_flow,fan_in,rapid_pass_through",OBSERVABLE_RING,,"45,692"
RING090,40,fan_out,True,12,6,2,0.1667,2017-11-27T00:00:00+00:00,2017-11-30T00:00:00+00:00,2017-02-13T00:00:00+00:00,2018-08-10T00:00:00+00:00,5,72.0,-6888.0,False,TEMPORAL_GROUND_TRUTH_MATCH,"fan_in,layering,rapid_pass_through",EMERGING,,"478,895"
RING073,29,fan_in,True,19,10,2,0.1053,2017-08-24T00:00:00+00:00,2017-09-02T00:00:00+00:00,2017-01-01T00:00:00+00:00,2017-03-14T00:00:00+00:00,9,0.0,-5640.0,False,ACCOUNT_MATCH_NO_TEMPORAL_OVERLAP,"circular_flow,fan_in,layering,rapid_pass_through",OBSERVABLE_RING,,"2644,448"
RING091,53,fan_out,True,12,7,2,0.1667,2017-12-01T00:00:00+00:00,2017-12-08T00:00:00+00:00,2017-03-12T00:00:00+00:00,2017-06-21T00:00:00+00:00,6,0.0,-6336.0,False,ACCOUNT_MATCH_NO_TEMPORAL_OVERLAP,"fan_in,rapid_pass_through,repeated_intermediary",EMERGING,,"198,545"
RING157,58,fan_out,True,45,9,2,0.0444,2018-09-04T00:00:00+00:00,2018-09-05T00:00:00+00:00,2017-01-18T00:00:00+00:00,2017-04-17T00:00:00+00:00,8,0.0,-14256.0,False,ACCOUNT_MATCH_NO_TEMPORAL_OVERLAP,"fan_in,rapid_pass_through,repeated_intermediary",EMERGING,,"15,4"
RING163,37,fan_out,True,33,7,2,0.0606,2018-08-23T00:00:00+00:00,2018-09-02T00:00:00+00:00,2017-01-01T00:00:00+00:00,2017-06-30T00:00:00+00:00,6,0.0,-14376.0,False,ACCOUNT_MATCH_NO_TEMPORAL_OVERLAP,"fan_in,layering,rapid_pass_through,repeated_intermediary",EMERGING,,"2641,555"
RING171,62,cycle,True,13,10,2,0.1538,2018-09-03T00:00:00+00:00,2018-09-11T00:00:00+00:00,2017-10-01T00:00:00+00:00,2017-10-20T00:00:00+00:00,10,0.0,-8088.0,False,ACCOUNT_MATCH_NO_TEMPORAL_OVERLAP,"fan_in,rapid_pass_through,repeated_intermediary",EMERGING,,"11668,687"
RING181,77,cycle,True,51,8,2,0.0392,2018-10-02T00:00:00+00:00,2018-10-10T00:00:00+00:00,2017-09-11T00:00:00+00:00,2017-09-28T00:00:00+00:00,8,0.0,-9264.0,False,ACCOUNT_MATCH_NO_TEMPORAL_OVERLAP,"fan_in,rapid_pass_through,repeated_intermediary",EMERGING,,"1,228"
RING185,58,fan_out,True,64,9,2,0.0312,2018-09-26T00:00:00+00:00,2018-10-06T00:00:00+00:00,2017-01-18T00:00:00+00:00,2017-04-17T00:00:00+00:00,8,0.0,-14784.0,False,ACCOUNT_MATCH_NO_TEMPORAL_OVERLAP,"fan_in,rapid_pass_through,repeated_intermediary",EMERGING,,"15,4"
RING188,37,fan_out,True,55,7,2,0.0364,2018-10-19T00:00:00+00:00,2018-10-26T00:00:00+00:00,2017-01-01T00:00:00+00:00,2017-06-30T00:00:00+00:00,6,0.0,-15744.0,False,ACCOUNT_MATCH_NO_TEMPORAL_OVERLAP,"circular_flow,fan_in,rapid_pass_through,repeated_intermediary",OBSERVABLE_RING,,"326,555"
RING198,58,fan_out,True,40,9,2,0.05,2018-10-26T00:00:00+00:00,2018-11-04T00:00:00+00:00,2017-01-18T00:00:00+00:00,2017-04-17T00:00:00+00:00,8,0.0,-15504.0,False,ACCOUNT_MATCH_NO_TEMPORAL_OVERLAP,"fan_in,rapid_pass_through,repeated_intermediary",EMERGING,,"15,4"
RING199,38,fan_out,True,44,8,2,0.0455,2018-11-12T00:00:00+00:00,2018-11-13T00:00:00+00:00,2017-01-04T00:00:00+00:00,2017-01-18T00:00:00+00:00,7,0.0,-16248.0,False,ACCOUNT_MATCH_NO_TEMPORAL_OVERLAP,"fan_in,rapid_pass_through,repeated_intermediary",EMERGING,,"133,9967"
RING203,65,cycle,True,66,5,2,0.0303,2018-11-06T00:00:00+00:00,2018-11-08T00:00:00+00:00,2018-08-08T00:00:00+00:00,2018-08-13T00:00:00+00:00,5,0.0,-2160.0,False,ACCOUNT_MATCH_NO_TEMPORAL_OVERLAP,"fan_in,rapid_pass_through,repeated_intermediary",EMERGING,,"425,8730"
RING205,46,fan_out,True,57,6,2,0.0351,2018-11-17T00:00:00+00:00,2018-11-26T00:00:00+00:00,2017-01-31T00:00:00+00:00,2017-12-10T00:00:00+00:00,5,0.0,-15720.0,False,ACCOUNT_MATCH_NO_TEMPORAL_OVERLAP,"fan_in,rapid_pass_through,repeated_intermediary",EMERGING,,"306,6059"
RING208,77,cycle,True,85,8,2,0.0235,2018-11-08T00:00:00+00:00,2018-11-15T00:00:00+00:00,2017-09-11T00:00:00+00:00,2017-09-28T00:00:00+00:00,8,0.0,-10152.0,False,ACCOUNT_MATCH_NO_TEMPORAL_OVERLAP,"fan_in,rapid_pass_through,repeated_intermediary",EMERGING,,"1,228"
RING209,32,fan_out,True,32,8,2,0.0625,2018-11-20T00:00:00+00:00,2018-11-21T00:00:00+00:00,2017-01-13T00:00:00+00:00,2017-10-26T00:00:00+00:00,7,0.0,-16224.0,False,ACCOUNT_MATCH_NO_TEMPORAL_OVERLAP,"fan_in,rapid_pass_through,repeated_intermediary",EMERGING,,"364,766"
RING215,48,fan_out,True,68,6,2,0.0294,2018-11-27T00:00:00+00:00,2018-11-28T00:00:00+00:00,2017-02-06T00:00:00+00:00,2017-03-18T00:00:00+00:00,5,0.0,-15816.0,False,ACCOUNT_MATCH_NO_TEMPORAL_OVERLAP,"fan_in,rapid_pass_through,repeated_intermediary",EMERGING,,"29,322"
RING220,58,fan_out,True,66,9,2,0.0303,2018-11-29T00:00:00+00:00,2018-12-07T00:00:00+00:00,2017-01-18T00:00:00+00:00,2017-04-17T00:00:00+00:00,8,0.0,-16320.0,False,ACCOUNT_MATCH_NO_TEMPORAL_OVERLAP,"fan_in,rapid_pass_through,repeated_intermediary",EMERGING,,"15,4"
RING223,34,fan_out,True,9,5,2,0.2222,2018-11-20T00:00:00+00:00,2018-11-26T00:00:00+00:00,2017-04-11T00:00:00+00:00,2017-09-03T00:00:00+00:00,4,0.0,-14112.0,False,ACCOUNT_MATCH_NO_TEMPORAL_OVERLAP,"circular_flow,rapid_pass_through,repeated_intermediary",OBSERVABLE_RING,,"45,692"
RING224,82,cycle,True,24,9,2,0.0833,2018-11-21T00:00:00+00:00,2018-11-28T00:00:00+00:00,2017-09-16T00:00:00+00:00,2017-09-30T00:00:00+00:00,9,0.0,-10344.0,False,ACCOUNT_MATCH_NO_TEMPORAL_OVERLAP,"fan_in,rapid_pass_through,repeated_intermediary",EMERGING,,"470,8661"
RING227,55,fan_out,True,95,9,2,0.0211,2018-11-21T00:00:00+00:00,2018-11-28T00:00:00+00:00,2017-01-05T00:00:00+00:00,2017-08-22T00:00:00+00:00,8,0.0,-16440.0,False,ACCOUNT_MATCH_NO_TEMPORAL_OVERLAP,"fan_in,rapid_pass_through,repeated_intermediary",EMERGING,,"108,628"
RING228,65,cycle,True,93,5,2,0.0215,2018-11-22T00:00:00+00:00,2018-11-29T00:00:00+00:00,2018-08-08T00:00:00+00:00,2018-08-13T00:00:00+00:00,5,0.0,-2544.0,False,ACCOUNT_MATCH_NO_TEMPORAL_OVERLAP,"fan_in,rapid_pass_through,repeated_intermediary",EMERGING,,"425,731"
RING231,56,fan_out,True,76,5,2,0.0263,2018-11-28T00:00:00+00:00,2018-12-02T00:00:00+00:00,2017-03-04T00:00:00+00:00,2017-05-28T00:00:00+00:00,4,0.0,-15216.0,False,ACCOUNT_MATCH_NO_TEMPORAL_OVERLAP,"fan_in,rapid_pass_through,repeated_intermediary",EMERGING,,"135,580"
RING235,58,fan_out,True,93,9,2,0.0215,2018-11-27T00:00:00+00:00,2018-12-06T00:00:00+00:00,2017-01-18T00:00:00+00:00,2017-04-17T00:00:00+00:00,8,0.0,-16272.0,False,ACCOUNT_MATCH_NO_TEMPORAL_OVERLAP,"fan_in,rapid_pass_through,repeated_intermediary",EMERGING,,"15,4"
RING241,58,fan_out,True,98,9,2,0.0204,2018-12-16T00:00:00+00:00,2018-12-18T00:00:00+00:00,2017-01-18T00:00:00+00:00,2017-04-17T00:00:00+00:00,8,0.0,-16728.0,False,ACCOUNT_MATCH_NO_TEMPORAL_OVERLAP,"fan_in,rapid_pass_through,repeated_intermediary",EMERGING,,"15,4"
RING242,58,fan_out,True,100,9,2,0.02,2018-12-04T00:00:00+00:00,2018-12-12T00:00:00+00:00,2017-01-18T00:00:00+00:00,2017-04-17T00:00:00+00:00,8,0.0,-16440.0,False,ACCOUNT_MATCH_NO_TEMPORAL_OVERLAP,"fan_in,rapid_pass_through,repeated_intermediary",EMERGING,,"15,4"
RING243,14,fan_in,True,100,5,2,0.02,2018-12-04T00:00:00+00:00,2018-12-14T00:00:00+00:00,2017-01-02T00:00:00+00:00,2017-09-26T00:00:00+00:00,4,0.0,-16824.0,False,ACCOUNT_MATCH_NO_TEMPORAL_OVERLAP,"fan_in,rapid_pass_through,repeated_intermediary",EMERGING,,"130,318"
RING245,24,fan_in,True,97,10,2,0.0206,2018-12-07T00:00:00+00:00,2018-12-16T00:00:00+00:00,2017-01-01T00:00:00+00:00,2017-06-26T00:00:00+00:00,9,0.0,-16920.0,False,ACCOUNT_MATCH_NO_TEMPORAL_OVERLAP,"circular_flow,rapid_pass_through,repeated_intermediary",OBSERVABLE_RING,,"6,79"
RING246,89,cycle,True,82,7,2,0.0244,2018-12-07T00:00:00+00:00,2018-12-16T00:00:00+00:00,2017-05-26T00:00:00+00:00,2017-06-13T00:00:00+00:00,7,0.0,-13440.0,False,ACCOUNT_MATCH_NO_TEMPORAL_OVERLAP,"fan_in,rapid_pass_through,repeated_intermediary",EMERGING,,"26,301"
RING247,84,cycle,True,81,7,2,0.0247,2018-12-08T00:00:00+00:00,2018-12-18T00:00:00+00:00,2018-07-30T00:00:00+00:00,2018-08-04T00:00:00+00:00,7,0.0,-3144.0,False,ACCOUNT_MATCH_NO_TEMPORAL_OVERLAP,"fan_in,rapid_pass_through,repeated_intermediary",EMERGING,,"2708,689"
RING248,24,fan_in,True,84,10,2,0.0238,2018-12-08T00:00:00+00:00,2018-12-10T00:00:00+00:00,2017-01-01T00:00:00+00:00,2017-06-26T00:00:00+00:00,9,0.0,-16944.0,False,ACCOUNT_MATCH_NO_TEMPORAL_OVERLAP,"fan_in,rapid_pass_through,repeated_intermediary",EMERGING,,"6,79"
RING256,55,fan_out,True,86,9,2,0.0233,2018-12-11T00:00:00+00:00,2018-12-19T00:00:00+00:00,2017-01-05T00:00:00+00:00,2017-08-22T00:00:00+00:00,8,0.0,-16920.0,False,ACCOUNT_MATCH_NO_TEMPORAL_OVERLAP,"fan_in,rapid_pass_through,repeated_intermediary",EMERGING,,"108,489"
RING257,51,fan_out,True,60,6,2,0.0333,2018-12-17T00:00:00+00:00,2018-12-21T00:00:00+00:00,2017-01-04T00:00:00+00:00,2017-03-14T00:00:00+00:00,5,0.0,-17088.0,False,ACCOUNT_MATCH_NO_TEMPORAL_OVERLAP,"fan_in,rapid_pass_through,repeated_intermediary",EMERGING,,"246,9704"
RING261,8,fan_in,True,88,10,2,0.0227,2018-12-14T00:00:00+00:00,2018-12-16T00:00:00+00:00,2017-01-01T00:00:00+00:00,2017-05-01T00:00:00+00:00,9,0.0,-17088.0,False,ACCOUNT_MATCH_NO_TEMPORAL_OVERLAP,"fan_in,rapid_pass_through,repeated_intermediary",EMERGING,,"513,647"
RING264,24,fan_in,True,87,10,2,0.023,2018-12-19T00:00:00+00:00,2018-12-20T00:00:00+00:00,2017-01-01T00:00:00+00:00,2017-06-26T00:00:00+00:00,9,0.0,-17208.0,False,ACCOUNT_MATCH_NO_TEMPORAL_OVERLAP,"fan_in,rapid_pass_through,repeated_intermediary",EMERGING,,"6,79"
RING006,8,fan_in,True,13,10,1,0.0769,2017-01-17T00:00:00+00:00,2017-01-27T00:00:00+00:00,2017-01-01T00:00:00+00:00,2017-05-01T00:00:00+00:00,9,240.0,-384.0,False,SINGLE_ACCOUNT_MATCH,"circular_flow,fan_in,rapid_pass_through",OBSERVABLE_RING,,647
RING013,58,fan_out,True,10,9,1,0.1,2017-02-12T00:00:00+00:00,2017-02-22T00:00:00+00:00,2017-01-18T00:00:00+00:00,2017-04-17T00:00:00+00:00,8,240.0,-600.0,False,SINGLE_ACCOUNT_MATCH,"fan_in,layering,rapid_pass_through",EMERGING,,15
RING022,56,fan_out,True,25,5,1,0.04,2017-03-25T00:00:00+00:00,2017-04-04T00:00:00+00:00,2017-03-04T00:00:00+00:00,2017-05-28T00:00:00+00:00,4,240.0,-504.0,False,SINGLE_ACCOUNT_MATCH,"fan_in,layering,rapid_pass_through",EMERGING,,580
RING023,0,fan_in,True,19,8,1,0.0526,2017-03-28T00:00:00+00:00,2017-04-07T00:00:00+00:00,2017-01-01T00:00:00+00:00,2017-12-09T00:00:00+00:00,7,240.0,-2064.0,False,SINGLE_ACCOUNT_MATCH,"fan_in,rapid_pass_through,split_merge",EMERGING,,2513
RING029,12,fan_in,True,33,10,1,0.0303,2017-04-07T00:00:00+00:00,2017-04-17T00:00:00+00:00,2017-01-01T00:00:00+00:00,2018-06-21T00:00:00+00:00,9,240.0,-2304.0,False,SINGLE_ACCOUNT_MATCH,"fan_in,layering,rapid_pass_through",EMERGING,,2670
RING031,44,fan_out,True,26,10,1,0.0385,2017-04-10T00:00:00+00:00,2017-04-20T00:00:00+00:00,2017-02-01T00:00:00+00:00,2017-12-06T00:00:00+00:00,9,240.0,-1632.0,False,SINGLE_ACCOUNT_MATCH,"fan_in,layering,rapid_pass_through",EMERGING,,402
RING032,11,fan_in,True,36,5,1,0.0278,2017-04-13T00:00:00+00:00,2017-04-23T00:00:00+00:00,2017-01-02T00:00:00+00:00,2017-07-04T00:00:00+00:00,4,240.0,-2424.0,False,SINGLE_ACCOUNT_MATCH,"fan_in,layering,rapid_pass_through",EMERGING,,706
RING035,42,fan_out,True,13,9,1,0.0769,2017-04-18T00:00:00+00:00,2017-04-28T00:00:00+00:00,2017-01-17T00:00:00+00:00,2017-06-22T00:00:00+00:00,8,240.0,-2184.0,False,SINGLE_ACCOUNT_MATCH,"fan_in,layering,rapid_pass_through",EMERGING,,8
RING056,22,fan_in,True,20,8,1,0.05,2017-06-28T00:00:00+00:00,2017-07-08T00:00:00+00:00,2017-01-01T00:00:00+00:00,2018-08-24T00:00:00+00:00,7,240.0,-4272.0,False,SINGLE_ACCOUNT_MATCH,"circular_flow,fan_in,rapid_pass_through",OBSERVABLE_RING,,35
RING058,57,fan_out,True,16,7,1,0.0625,2017-07-01T00:00:00+00:00,2017-07-11T00:00:00+00:00,2017-01-09T00:00:00+00:00,2017-07-21T00:00:00+00:00,6,240.0,-4152.0,False,SINGLE_ACCOUNT_MATCH,"fan_in,layering,rapid_pass_through",EMERGING,,521
RING059,32,fan_out,True,24,8,1,0.0417,2017-07-09T00:00:00+00:00,2017-07-19T00:00:00+00:00,2017-01-13T00:00:00+00:00,2017-10-26T00:00:00+00:00,7,240.0,-4248.0,False,SINGLE_ACCOUNT_MATCH,"circular_flow,fan_in,rapid_pass_through",OBSERVABLE_RING,,30
RING066,9,fan_in,True,18,5,1,0.0556,2017-07-25T00:00:00+00:00,2017-08-04T00:00:00+00:00,2017-01-02T00:00:00+00:00,2018-04-18T00:00:00+00:00,4,240.0,-4896.0,False,SINGLE_ACCOUNT_MATCH,"fan_in,rapid_pass_through,repeated_intermediary",EMERGING,,104
RING072,14,fan_in,True,16,5,1,0.0625,2017-08-23T00:00:00+00:00,2017-09-02T00:00:00+00:00,2017-01-02T00:00:00+00:00,2017-09-26T00:00:00+00:00,4,240.0,-5592.0,False,SINGLE_ACCOUNT_MATCH,"fan_in,layering,rapid_pass_through",EMERGING,,318
RING082,33,fan_out,True,33,6,1,0.0303,2017-10-17T00:00:00+00:00,2017-10-27T00:00:00+00:00,2017-02-06T00:00:00+00:00,2017-12-05T00:00:00+00:00,5,240.0,-6072.0,False,SINGLE_ACCOUNT_MATCH,"fan_in,layering,rapid_pass_through",EMERGING,,13
RING087,6,fan_in,True,11,9,1,0.0909,2017-11-22T00:00:00+00:00,2017-12-02T00:00:00+00:00,2017-01-02T00:00:00+00:00,2018-02-12T00:00:00+00:00,8,240.0,-7776.0,False,SINGLE_ACCOUNT_MATCH,"circular_flow,fan_in,rapid_pass_through",OBSERVABLE_RING,,480
RING106,12,fan_in,True,24,10,1,0.0417,2018-01-30T00:00:00+00:00,2018-02-09T00:00:00+00:00,2017-01-01T00:00:00+00:00,2018-06-21T00:00:00+00:00,9,240.0,-9456.0,False,SINGLE_ACCOUNT_MATCH,"fan_in,layering,rapid_pass_through",EMERGING,,546
RING134,7,fan_in,True,17,9,1,0.0588,2018-06-24T00:00:00+00:00,2018-07-04T00:00:00+00:00,2017-01-01T00:00:00+00:00,2018-07-08T00:00:00+00:00,8,240.0,-12936.0,False,SINGLE_ACCOUNT_MATCH,"fan_in,rapid_pass_through,repeated_intermediary",EMERGING,,44
RING010,37,fan_out,True,9,7,1,0.1111,2017-01-27T00:00:00+00:00,2017-02-05T00:00:00+00:00,2017-01-01T00:00:00+00:00,2017-06-30T00:00:00+00:00,6,216.0,-624.0,False,SINGLE_ACCOUNT_MATCH,"circular_flow,fan_in,rapid_pass_through",OBSERVABLE_RING,,2641
RING011,19,fan_in,True,16,10,1,0.0625,2017-02-07T00:00:00+00:00,2017-02-16T00:00:00+00:00,2017-01-02T00:00:00+00:00,2017-08-30T00:00:00+00:00,9,216.0,-864.0,False,SINGLE_ACCOUNT_MATCH,"circular_flow,fan_in,rapid_pass_through",OBSERVABLE_RING,,334
RING016,7,fan_in,True,13,9,1,0.0769,2017-02-23T00:00:00+00:00,2017-03-04T00:00:00+00:00,2017-01-01T00:00:00+00:00,2018-07-08T00:00:00+00:00,8,216.0,-1272.0,False,SINGLE_ACCOUNT_MATCH,"circular_flow,fan_in,rapid_pass_through",OBSERVABLE_RING,,44
RING038,25,fan_in,True,35,9,1,0.0286,2017-05-01T00:00:00+00:00,2017-05-10T00:00:00+00:00,2017-01-01T00:00:00+00:00,2018-09-09T00:00:00+00:00,8,216.0,-2880.0,False,SINGLE_ACCOUNT_MATCH,"fan_in,layering,rapid_pass_through",EMERGING,,2703
RING045,42,fan_out,True,12,9,1,0.0833,2017-05-20T00:00:00+00:00,2017-05-29T00:00:00+00:00,2017-01-17T00:00:00+00:00,2017-06-22T00:00:00+00:00,8,216.0,-2952.0,False,SINGLE_ACCOUNT_MATCH,"circular_flow,fan_in,rapid_pass_through",OBSERVABLE_RING,,8
RING049,57,fan_out,True,15,7,1,0.0667,2017-05-30T00:00:00+00:00,2017-06-08T00:00:00+00:00,2017-01-09T00:00:00+00:00,2017-07-21T00:00:00+00:00,6,216.0,-3384.0,False,SINGLE_ACCOUNT_MATCH,"circular_flow,fan_in,rapid_pass_through",OBSERVABLE_RING,,521
RING052,0,fan_in,True,13,8,1,0.0769,2017-06-12T00:00:00+00:00,2017-06-21T00:00:00+00:00,2017-01-01T00:00:00+00:00,2017-12-09T00:00:00+00:00,7,216.0,-3888.0,False,SINGLE_ACCOUNT_MATCH,"circular_flow,fan_in,rapid_pass_through",OBSERVABLE_RING,,2513
RING054,34,fan_out,True,47,5,1,0.0213,2017-07-05T00:00:00+00:00,2017-07-14T00:00:00+00:00,2017-04-11T00:00:00+00:00,2017-09-03T00:00:00+00:00,4,216.0,-2040.0,False,SINGLE_ACCOUNT_MATCH,"fan_in,layering,rapid_pass_through",EMERGING,,45
RING055,32,fan_out,True,28,8,1,0.0357,2017-06-26T00:00:00+00:00,2017-07-05T00:00:00+00:00,2017-01-13T00:00:00+00:00,2017-10-26T00:00:00+00:00,7,216.0,-3936.0,False,SINGLE_ACCOUNT_MATCH,"circular_flow,fan_in,rapid_pass_through",OBSERVABLE_RING,,2390
RING079,33,fan_out,True,12,6,1,0.0833,2017-10-03T00:00:00+00:00,2017-10-12T00:00:00+00:00,2017-02-06T00:00:00+00:00,2017-12-05T00:00:00+00:00,5,216.0,-5736.0,False,SINGLE_ACCOUNT_MATCH,"fan_in,rapid_pass_through,split_merge",EMERGING,,13
RING086,10,fan_in,True,15,5,1,0.0667,2017-11-12T00:00:00+00:00,2017-11-21T00:00:00+00:00,2017-01-02T00:00:00+00:00,2018-02-11T00:00:00+00:00,4,216.0,-7536.0,False,SINGLE_ACCOUNT_MATCH,"circular_flow,fan_in,rapid_pass_through",OBSERVABLE_RING,,774
RING101,7,fan_in,True,12,9,1,0.0833,2018-01-20T00:00:00+00:00,2018-01-29T00:00:00+00:00,2017-01-01T00:00:00+00:00,2018-07-08T00:00:00+00:00,8,216.0,-9216.0,False,SINGLE_ACCOUNT_MATCH,"fan_in,rapid_pass_through,repeated_intermediary",EMERGING,,44
RING120,22,fan_in,True,20,8,1,0.05,2018-04-08T00:00:00+00:00,2018-04-17T00:00:00+00:00,2017-01-01T00:00:00+00:00,2018-08-24T00:00:00+00:00,7,216.0,-11088.0,False,SINGLE_ACCOUNT_MATCH,"fan_in,rapid_pass_through,repeated_intermediary",EMERGING,,35
RING151,40,fan_out,True,22,6,1,0.0455,2018-08-01T00:00:00+00:00,2018-08-11T00:00:00+00:00,2017-02-13T00:00:00+00:00,2018-08-10T00:00:00+00:00,5,216.0,-12816.0,False,SINGLE_ACCOUNT_MATCH,"fan_in,rapid_pass_through,repeated_intermediary",EMERGING,,682
RING014,33,fan_out,True,13,6,1,0.0769,2017-02-18T00:00:00+00:00,2017-02-26T00:00:00+00:00,2017-02-06T00:00:00+00:00,2017-12-05T00:00:00+00:00,5,192.0,-288.0,False,SINGLE_ACCOUNT_MATCH,"circular_flow,fan_in,rapid_pass_through",OBSERVABLE_RING,,13
RING017,36,fan_out,True,19,6,1,0.0526,2017-02-24T00:00:00+00:00,2017-03-04T00:00:00+00:00,2017-02-04T00:00:00+00:00,2017-12-29T00:00:00+00:00,5,192.0,-480.0,False,SINGLE_ACCOUNT_MATCH,"circular_flow,fan_in,rapid_pass_through",OBSERVABLE_RING,,249
RING024,44,fan_out,True,17,10,1,0.0588,2017-03-31T00:00:00+00:00,2017-04-08T00:00:00+00:00,2017-02-01T00:00:00+00:00,2017-12-06T00:00:00+00:00,9,192.0,-1392.0,False,SINGLE_ACCOUNT_MATCH,"fan_in,rapid_pass_through,split_merge",EMERGING,,402
RING026,18,fan_in,True,16,5,1,0.0625,2017-03-31T00:00:00+00:00,2017-04-08T00:00:00+00:00,2017-01-01T00:00:00+00:00,2017-05-13T00:00:00+00:00,4,192.0,-2136.0,False,SINGLE_ACCOUNT_MATCH,"fan_in,layering,rapid_pass_through",EMERGING,,344
RING028,44,fan_out,True,11,10,1,0.0909,2017-04-03T00:00:00+00:00,2017-04-11T00:00:00+00:00,2017-02-01T00:00:00+00:00,2017-12-06T00:00:00+00:00,9,192.0,-1464.0,False,SINGLE_ACCOUNT_MATCH,"fan_in,rapid_pass_through,split_merge",EMERGING,,261
RING034,0,fan_in,True,12,8,1,0.0833,2017-04-17T00:00:00+00:00,2017-04-25T00:00:00+00:00,2017-01-01T00:00:00+00:00,2017-12-09T00:00:00+00:00,7,192.0,-2544.0,False,SINGLE_ACCOUNT_MATCH,"fan_in,rapid_pass_through,split_merge",EMERGING,,2513
RING036,43,fan_out,True,14,5,1,0.0714,2017-04-22T00:00:00+00:00,2017-04-30T00:00:00+00:00,2017-02-20T00:00:00+00:00,2017-10-14T00:00:00+00:00,4,192.0,-1464.0,False,SINGLE_ACCOUNT_MATCH,"circular_flow,fan_in,rapid_pass_through",OBSERVABLE_RING,,587
RING039,53,fan_out,True,14,7,1,0.0714,2017-05-04T00:00:00+00:00,2017-05-12T00:00:00+00:00,2017-03-12T00:00:00+00:00,2017-06-21T00:00:00+00:00,6,192.0,-1272.0,False,SINGLE_ACCOUNT_MATCH,"fan_in,layering,rapid_pass_through",EMERGING,,198
RING041,25,fan_in,True,25,9,1,0.04,2017-05-08T00:00:00+00:00,2017-05-16T00:00:00+00:00,2017-01-01T00:00:00+00:00,2018-09-09T00:00:00+00:00,8,192.0,-3048.0,False,SINGLE_ACCOUNT_MATCH,"circular_flow,fan_in,rapid_pass_through",OBSERVABLE_RING,,2703
RING046,40,fan_out,True,9,6,1,0.1111,2017-05-21T00:00:00+00:00,2017-05-29T00:00:00+00:00,2017-02-13T00:00:00+00:00,2018-08-10T00:00:00+00:00,5,192.0,-2328.0,False,SINGLE_ACCOUNT_MATCH,"circular_flow,fan_in,rapid_pass_through",OBSERVABLE_RING,,478
RING050,12,fan_in,True,40,10,1,0.025,2017-06-03T00:00:00+00:00,2017-06-11T00:00:00+00:00,2017-01-01T00:00:00+00:00,2018-06-21T00:00:00+00:00,9,192.0,-3672.0,False,SINGLE_ACCOUNT_MATCH,"fan_in,rapid_pass_through,split_merge",EMERGING,,2670
RING063,30,fan_out,True,10,9,1,0.1,2017-07-18T00:00:00+00:00,2017-07-26T00:00:00+00:00,2017-02-22T00:00:00+00:00,2018-01-18T00:00:00+00:00,8,192.0,-3504.0,False,SINGLE_ACCOUNT_MATCH,"circular_flow,fan_in,rapid_pass_through",OBSERVABLE_RING,,875
RING088,25,fan_in,True,18,9,1,0.0556,2017-11-25T00:00:00+00:00,2017-12-03T00:00:00+00:00,2017-01-01T00:00:00+00:00,2018-09-09T00:00:00+00:00,8,192.0,-7872.0,False,SINGLE_ACCOUNT_MATCH,"circular_flow,fan_in,rapid_pass_through",OBSERVABLE_RING,,726
RING112,26,fan_in,True,11,10,1,0.0909,2018-02-22T00:00:00+00:00,2018-03-02T00:00:00+00:00,2017-01-01T00:00:00+00:00,2018-06-21T00:00:00+00:00,9,192.0,-10008.0,False,SINGLE_ACCOUNT_MATCH,"fan_in,layering,rapid_pass_through",EMERGING,,416
RING130,22,fan_in,True,29,8,1,0.0345,2018-05-22T00:00:00+00:00,2018-05-30T00:00:00+00:00,2017-01-01T00:00:00+00:00,2018-08-24T00:00:00+00:00,7,192.0,-12144.0,False,SINGLE_ACCOUNT_MATCH,"fan_in,rapid_pass_through,repeated_intermediary",EMERGING,,35
RING141,25,fan_in,True,15,9,1,0.0667,2018-07-08T00:00:00+00:00,2018-07-16T00:00:00+00:00,2017-01-01T00:00:00+00:00,2018-09-09T00:00:00+00:00,8,192.0,-13272.0,False,SINGLE_ACCOUNT_MATCH,"fan_in,layering,rapid_pass_through",EMERGING,,726
RING025,26,fan_in,True,10,10,1,0.1,2017-03-31T00:00:00+00:00,2017-04-07T00:00:00+00:00,2017-01-01T00:00:00+00:00,2018-06-21T00:00:00+00:00,9,168.0,-2136.0,False,SINGLE_ACCOUNT_MATCH,"circular_flow,fan_in,rapid_pass_through",OBSERVABLE_RING,,4703
RING053,6,fan_in,True,15,9,1,0.0667,2017-06-23T00:00:00+00:00,2017-06-30T00:00:00+00:00,2017-01-02T00:00:00+00:00,2018-02-12T00:00:00+00:00,8,168.0,-4128.0,False,SINGLE_ACCOUNT_MATCH,"fan_in,rapid_pass_through,split_merge",EMERGING,,4261
RING065,4,fan_in,True,8,6,1,0.125,2017-07-23T00:00:00+00:00,2017-07-30T00:00:00+00:00,2017-01-01T00:00:00+00:00,2018-01-20T00:00:00+00:00,5,168.0,-4872.0,False,SINGLE_ACCOUNT_MATCH,"circular_flow,fan_in,rapid_pass_through",OBSERVABLE_RING,,591
RING077,77,cycle,True,14,8,1,0.0714,2017-09-21T00:00:00+00:00,2017-09-30T00:00:00+00:00,2017-09-11T00:00:00+00:00,2017-09-28T00:00:00+00:00,8,168.0,-240.0,False,SINGLE_ACCOUNT_MATCH,"circular_flow,fan_in,rapid_pass_through",OBSERVABLE_RING,,1
RING078,32,fan_out,True,10,8,1,0.1,2017-09-29T00:00:00+00:00,2017-10-06T00:00:00+00:00,2017-01-13T00:00:00+00:00,2017-10-26T00:00:00+00:00,7,168.0,-6216.0,False,SINGLE_ACCOUNT_MATCH,"circular_flow,fan_in,rapid_pass_through",OBSERVABLE_RING,,30
RING124,47,fan_out,True,88,10,1,0.0114,2018-05-09T00:00:00+00:00,2018-05-16T00:00:00+00:00,2017-04-14T00:00:00+00:00,2018-08-01T00:00:00+00:00,9,168.0,-9360.0,False,SINGLE_ACCOUNT_MATCH,"fan_in,rapid_pass_through,repeated_intermediary",EMERGING,,94
RING137,7,fan_in,True,8,9,1,0.125,2018-07-01T00:00:00+00:00,2018-07-08T00:00:00+00:00,2017-01-01T00:00:00+00:00,2018-07-08T00:00:00+00:00,8,168.0,-13104.0,False,SINGLE_ACCOUNT_MATCH,"circular_flow,fan_in",FORMING,,44
RING003,35,fan_out,True,13,10,1,0.0769,2017-01-02T00:00:00+00:00,2017-01-12T00:00:00+00:00,2017-01-06T00:00:00+00:00,2018-04-11T00:00:00+00:00,9,144.0,96.0,False,SINGLE_ACCOUNT_MATCH,"circular_flow,fan_in,rapid_pass_through",OBSERVABLE_RING,,206
RING048,42,fan_out,True,9,9,1,0.1111,2017-05-24T00:00:00+00:00,2017-05-30T00:00:00+00:00,2017-01-17T00:00:00+00:00,2017-06-22T00:00:00+00:00,8,144.0,-3048.0,False,SINGLE_ACCOUNT_MATCH,"circular_flow,fan_in",FORMING,,8
RING081,12,fan_in,True,15,10,1,0.0667,2017-10-10T00:00:00+00:00,2017-10-16T00:00:00+00:00,2017-01-01T00:00:00+00:00,2018-06-21T00:00:00+00:00,9,144.0,-6768.0,False,SINGLE_ACCOUNT_MATCH,"circular_flow,fan_in,rapid_pass_through",OBSERVABLE_RING,,2670
RING083,0,fan_in,True,12,8,1,0.0833,2017-11-05T00:00:00+00:00,2017-11-11T00:00:00+00:00,2017-01-01T00:00:00+00:00,2017-12-09T00:00:00+00:00,7,144.0,-7392.0,False,SINGLE_ACCOUNT_MATCH,"circular_flow,fan_in,rapid_pass_through",OBSERVABLE_RING,,376
RING098,6,fan_in,True,12,9,1,0.0833,2018-01-13T00:00:00+00:00,2018-01-19T00:00:00+00:00,2017-01-02T00:00:00+00:00,2018-02-12T00:00:00+00:00,8,144.0,-9024.0,False,SINGLE_ACCOUNT_MATCH,"fan_in,rapid_pass_through,repeated_intermediary",EMERGING,,480
RING107,26,fan_in,True,10,10,1,0.1,2018-02-05T00:00:00+00:00,2018-02-11T00:00:00+00:00,2017-01-01T00:00:00+00:00,2018-06-21T00:00:00+00:00,9,144.0,-9600.0,False,SINGLE_ACCOUNT_MATCH,"circular_flow,fan_in,rapid_pass_through",OBSERVABLE_RING,,416
RING115,25,fan_in,True,15,9,1,0.0667,2018-02-25T00:00:00+00:00,2018-03-03T00:00:00+00:00,2017-01-01T00:00:00+00:00,2018-09-09T00:00:00+00:00,8,144.0,-10080.0,False,SINGLE_ACCOUNT_MATCH,"circular_flow,fan_in,rapid_pass_through",OBSERVABLE_RING,,2756
RING009,15,fan_in,True,12,8,1,0.0833,2017-01-23T00:00:00+00:00,2017-01-28T00:00:00+00:00,2017-01-01T00:00:00+00:00,2018-07-25T00:00:00+00:00,7,120.0,-528.0,False,SINGLE_ACCOUNT_MATCH,"fan_in,layering,rapid_pass_through",EMERGING,,527
RING015,32,fan_out,True,9,8,1,0.1111,2017-02-19T00:00:00+00:00,2017-02-24T00:00:00+00:00,2017-01-13T00:00:00+00:00,2017-10-26T00:00:00+00:00,7,120.0,-888.0,False,SINGLE_ACCOUNT_MATCH,"circular_flow,fan_in,rapid_pass_through",OBSERVABLE_RING,,30
RING047,24,fan_in,True,9,10,1,0.1111,2017-06-04T00:00:00+00:00,2017-06-09T00:00:00+00:00,2017-01-01T00:00:00+00:00,2017-06-26T00:00:00+00:00,9,120.0,-3696.0,False,SINGLE_ACCOUNT_MATCH,"fan_in,rapid_pass_through,split_merge",EMERGING,,6
RING021,24,fan_in,True,13,10,1,0.0769,2017-03-23T00:00:00+00:00,2017-03-27T00:00:00+00:00,2017-01-01T00:00:00+00:00,2017-06-26T00:00:00+00:00,9,96.0,-1944.0,False,SINGLE_ACCOUNT_MATCH,"circular_flow,fan_in,rapid_pass_through",OBSERVABLE_RING,,6
RING202,81,cycle,True,39,6,1,0.0256,2018-10-29T00:00:00+00:00,2018-11-07T00:00:00+00:00,2018-10-30T00:00:00+00:00,2018-11-03T00:00:00+00:00,5,96.0,24.0,False,SINGLE_ACCOUNT_MATCH,"fan_in,rapid_pass_through,repeated_intermediary",EMERGING,,4374
RING251,88,cycle,True,90,9,1,0.0111,2018-12-10T00:00:00+00:00,2018-12-14T00:00:00+00:00,2018-11-30T00:00:00+00:00,2018-12-19T00:00:00+00:00,9,96.0,-240.0,False,SINGLE_ACCOUNT_MATCH,"fan_in,rapid_pass_through,repeated_intermediary",EMERGING,,729
RING114,47,fan_out,True,13,10,1,0.0769,2018-02-25T00:00:00+00:00,2018-02-28T00:00:00+00:00,2017-04-14T00:00:00+00:00,2018-08-01T00:00:00+00:00,9,72.0,-7608.0,False,SINGLE_ACCOUNT_MATCH,"fan_in,layering,rapid_pass_through",EMERGING,,188
RING005,7,fan_in,True,19,9,1,0.0526,2017-01-14T00:00:00+00:00,2017-01-16T00:00:00+00:00,2017-01-01T00:00:00+00:00,2018-07-08T00:00:00+00:00,8,48.0,-312.0,False,SINGLE_ACCOUNT_MATCH,"fan_in,layering,rapid_pass_through",EMERGING,,44
RING020,8,fan_in,True,7,10,1,0.1429,2017-03-25T00:00:00+00:00,2017-03-27T00:00:00+00:00,2017-01-01T00:00:00+00:00,2017-05-01T00:00:00+00:00,9,48.0,-1992.0,False,SINGLE_ACCOUNT_MATCH,"circular_flow,fan_in,rapid_pass_through",OBSERVABLE_RING,,2558
RING142,22,fan_in,True,10,8,1,0.1,2018-07-12T00:00:00+00:00,2018-07-14T00:00:00+00:00,2017-01-01T00:00:00+00:00,2018-08-24T00:00:00+00:00,7,48.0,-13368.0,False,SINGLE_ACCOUNT_MATCH,"fan_in,rapid_pass_through,repeated_intermediary",EMERGING,,35
RING226,72,cycle,True,67,8,1,0.0149,2018-12-02T00:00:00+00:00,2018-12-07T00:00:00+00:00,2018-12-05T00:00:00+00:00,2018-12-17T00:00:00+00:00,8,48.0,72.0,False,SINGLE_ACCOUNT_MATCH,"fan_in,rapid_pass_through,repeated_intermediary",EMERGING,,396
RING111,22,fan_in,True,10,8,1,0.1,2018-02-20T00:00:00+00:00,2018-02-21T00:00:00+00:00,2017-01-01T00:00:00+00:00,2018-08-24T00:00:00+00:00,7,24.0,-9960.0,False,SINGLE_ACCOUNT_MATCH,"fan_in,layering,rapid_pass_through",EMERGING,,35
RING001,58,fan_out,True,17,9,1,0.0588,2017-01-01T00:00:00+00:00,2017-01-09T00:00:00+00:00,2017-01-18T00:00:00+00:00,2017-04-17T00:00:00+00:00,8,0.0,408.0,False,SINGLE_ACCOUNT_MATCH,"circular_flow,fan_in,layering,rapid_pass_through",OBSERVABLE_RING,,4
RING002,32,fan_out,True,12,8,1,0.0833,2017-01-01T00:00:00+00:00,2017-01-10T00:00:00+00:00,2017-01-13T00:00:00+00:00,2017-10-26T00:00:00+00:00,7,0.0,288.0,False,SINGLE_ACCOUNT_MATCH,"fan_in,layering,rapid_pass_through",EMERGING,,30
RING004,36,fan_out,True,28,6,1,0.0357,2017-01-02T00:00:00+00:00,2017-01-12T00:00:00+00:00,2017-02-04T00:00:00+00:00,2017-12-29T00:00:00+00:00,5,0.0,792.0,False,SINGLE_ACCOUNT_MATCH,"circular_flow,fan_in,rapid_pass_through",OBSERVABLE_RING,,249
RING007,33,fan_out,True,24,6,1,0.0417,2017-01-18T00:00:00+00:00,2017-01-28T00:00:00+00:00,2017-02-06T00:00:00+00:00,2017-12-05T00:00:00+00:00,5,0.0,456.0,False,SINGLE_ACCOUNT_MATCH,"fan_in,layering,rapid_pass_through",EMERGING,,13
RING012,76,cycle,True,18,6,1,0.0556,2017-02-12T00:00:00+00:00,2017-02-19T00:00:00+00:00,2018-03-13T00:00:00+00:00,2018-03-16T00:00:00+00:00,5,0.0,9456.0,False,SINGLE_ACCOUNT_MATCH,"circular_flow,fan_in,rapid_pass_through",OBSERVABLE_RING,,2406
RING018,69,cycle,True,10,9,1,0.1,2017-03-04T00:00:00+00:00,2017-03-11T00:00:00+00:00,2017-04-24T00:00:00+00:00,2017-05-11T00:00:00+00:00,9,0.0,1224.0,False,SINGLE_ACCOUNT_MATCH,"circular_flow,fan_in,rapid_pass_through",OBSERVABLE_RING,,2742
RING019,83,cycle,True,12,10,1,0.0833,2017-03-12T00:00:00+00:00,2017-03-15T00:00:00+00:00,2017-05-24T00:00:00+00:00,2017-05-30T00:00:00+00:00,10,0.0,1752.0,False,SINGLE_ACCOUNT_MATCH,"circular_flow,fan_in,rapid_pass_through",OBSERVABLE_RING,,354
RING027,49,fan_out,True,11,7,1,0.0909,2017-04-02T00:00:00+00:00,2017-04-11T00:00:00+00:00,2017-01-16T00:00:00+00:00,2017-02-17T00:00:00+00:00,6,0.0,-1824.0,False,SINGLE_ACCOUNT_MATCH,"circular_flow,fan_in,rapid_pass_through",OBSERVABLE_RING,,542
RING030,48,fan_out,True,11,6,1,0.0909,2017-04-08T00:00:00+00:00,2017-04-17T00:00:00+00:00,2017-02-06T00:00:00+00:00,2017-03-18T00:00:00+00:00,5,0.0,-1464.0,False,SINGLE_ACCOUNT_MATCH,"circular_flow,fan_in,rapid_pass_through",OBSERVABLE_RING,,29
RING033,70,cycle,True,21,5,1,0.0476,2017-04-14T00:00:00+00:00,2017-04-24T00:00:00+00:00,2018-05-09T00:00:00+00:00,2018-05-27T00:00:00+00:00,5,0.0,9360.0,False,SINGLE_ACCOUNT_MATCH,"circular_flow,fan_in,rapid_pass_through",OBSERVABLE_RING,,2537
RING057,39,fan_out,True,10,5,1,0.1,2017-06-29T00:00:00+00:00,2017-07-06T00:00:00+00:00,2017-03-05T00:00:00+00:00,2017-05-18T00:00:00+00:00,4,0.0,-2784.0,False,SINGLE_ACCOUNT_MATCH,"fan_in,layering,rapid_pass_through",EMERGING,,2732
RING062,58,fan_out,True,12,9,1,0.0833,2017-07-16T00:00:00+00:00,2017-07-24T00:00:00+00:00,2017-01-18T00:00:00+00:00,2017-04-17T00:00:00+00:00,8,0.0,-4296.0,False,SINGLE_ACCOUNT_MATCH,"fan_in,layering,rapid_pass_through",EMERGING,,4
RING064,89,cycle,True,12,7,1,0.0833,2017-07-21T00:00:00+00:00,2017-07-28T00:00:00+00:00,2017-05-26T00:00:00+00:00,2017-06-13T00:00:00+00:00,7,0.0,-1344.0,False,SINGLE_ACCOUNT_MATCH,"fan_in,layering,rapid_pass_through",EMERGING,,26
RING074,39,fan_out,True,11,5,1,0.0909,2017-08-28T00:00:00+00:00,2017-09-07T00:00:00+00:00,2017-03-05T00:00:00+00:00,2017-05-18T00:00:00+00:00,4,0.0,-4224.0,False,SINGLE_ACCOUNT_MATCH,"circular_flow,fan_in,layering,rapid_pass_through",OBSERVABLE_RING,,2732
RING076,41,fan_out,True,12,5,1,0.0833,2017-09-15T00:00:00+00:00,2017-09-24T00:00:00+00:00,2017-01-30T00:00:00+00:00,2017-06-09T00:00:00+00:00,4,0.0,-5472.0,False,SINGLE_ACCOUNT_MATCH,"circular_flow,fan_in,rapid_pass_through",OBSERVABLE_RING,,2613
RING080,58,fan_out,True,14,9,1,0.0714,2017-10-07T00:00:00+00:00,2017-10-17T00:00:00+00:00,2017-01-18T00:00:00+00:00,2017-04-17T00:00:00+00:00,8,0.0,-6288.0,False,SINGLE_ACCOUNT_MATCH,"fan_in,layering,rapid_pass_through",EMERGING,,4
RING084,58,fan_out,True,8,9,1,0.125,2017-10-28T00:00:00+00:00,2017-10-30T00:00:00+00:00,2017-01-18T00:00:00+00:00,2017-04-17T00:00:00+00:00,8,0.0,-6792.0,False,SINGLE_ACCOUNT_MATCH,"fan_in,layering,rapid_pass_through",EMERGING,,4
RING085,8,fan_in,True,13,10,1,0.0769,2017-11-01T00:00:00+00:00,2017-11-10T00:00:00+00:00,2017-01-01T00:00:00+00:00,2017-05-01T00:00:00+00:00,9,0.0,-7296.0,False,SINGLE_ACCOUNT_MATCH,"circular_flow,fan_in,rapid_pass_through",OBSERVABLE_RING,,647
RING089,56,fan_out,True,25,5,1,0.04,2017-11-25T00:00:00+00:00,2017-12-04T00:00:00+00:00,2017-03-04T00:00:00+00:00,2017-05-28T00:00:00+00:00,4,0.0,-6384.0,False,SINGLE_ACCOUNT_MATCH,"circular_flow,fan_in,layering,rapid_pass_through",OBSERVABLE_RING,,580
RING092,32,fan_out,True,11,8,1,0.0909,2017-12-01T00:00:00+00:00,2017-12-09T00:00:00+00:00,2017-01-13T00:00:00+00:00,2017-10-26T00:00:00+00:00,7,0.0,-7728.0,False,SINGLE_ACCOUNT_MATCH,"circular_flow,fan_in,rapid_pass_through",OBSERVABLE_RING,,30
RING093,16,fan_in,True,10,7,1,0.1,2017-12-16T00:00:00+00:00,2017-12-25T00:00:00+00:00,2017-01-03T00:00:00+00:00,2017-03-29T00:00:00+00:00,6,0.0,-8328.0,False,SINGLE_ACCOUNT_MATCH,"circular_flow,fan_in,rapid_pass_through",OBSERVABLE_RING,,392
RING094,65,cycle,True,8,5,1,0.125,2017-12-19T00:00:00+00:00,2017-12-28T00:00:00+00:00,2018-08-08T00:00:00+00:00,2018-08-13T00:00:00+00:00,5,0.0,5568.0,False,SINGLE_ACCOUNT_MATCH,"circular_flow,fan_in,rapid_pass_through",OBSERVABLE_RING,,425
RING095,67,cycle,True,9,6,1,0.1111,2018-01-02T00:00:00+00:00,2018-01-09T00:00:00+00:00,2018-05-19T00:00:00+00:00,2018-05-30T00:00:00+00:00,6,0.0,3288.0,False,SINGLE_ACCOUNT_MATCH,"circular_flow,fan_in,rapid_pass_through",OBSERVABLE_RING,,52
RING097,34,fan_out,True,9,5,1,0.1111,2018-01-11T00:00:00+00:00,2018-01-18T00:00:00+00:00,2017-04-11T00:00:00+00:00,2017-09-03T00:00:00+00:00,4,0.0,-6600.0,False,SINGLE_ACCOUNT_MATCH,"circular_flow,fan_in,rapid_pass_through",OBSERVABLE_RING,,45
RING099,32,fan_out,True,17,8,1,0.0588,2018-01-15T00:00:00+00:00,2018-01-24T00:00:00+00:00,2017-01-13T00:00:00+00:00,2017-10-26T00:00:00+00:00,7,0.0,-8808.0,False,SINGLE_ACCOUNT_MATCH,"fan_in,layering,rapid_pass_through",EMERGING,,2390
RING100,39,fan_out,True,9,5,1,0.1111,2018-01-18T00:00:00+00:00,2018-01-24T00:00:00+00:00,2017-03-05T00:00:00+00:00,2017-05-18T00:00:00+00:00,4,0.0,-7656.0,False,SINGLE_ACCOUNT_MATCH,"circular_flow,fan_in,rapid_pass_through",OBSERVABLE_RING,,2732
RING102,11,fan_in,True,24,5,1,0.0417,2018-01-21T00:00:00+00:00,2018-01-31T00:00:00+00:00,2017-01-02T00:00:00+00:00,2017-07-04T00:00:00+00:00,4,0.0,-9216.0,False,SINGLE_ACCOUNT_MATCH,"fan_in,layering,rapid_pass_through",EMERGING,,706
RING103,77,cycle,True,9,8,1,0.1111,2018-01-23T00:00:00+00:00,2018-01-30T00:00:00+00:00,2017-09-11T00:00:00+00:00,2017-09-28T00:00:00+00:00,8,0.0,-3216.0,False,SINGLE_ACCOUNT_MATCH,"circular_flow,fan_in,rapid_pass_through",OBSERVABLE_RING,,242
RING105,29,fan_in,True,9,10,1,0.1111,2018-01-30T00:00:00+00:00,2018-02-02T00:00:00+00:00,2017-01-01T00:00:00+00:00,2017-03-14T00:00:00+00:00,9,0.0,-9456.0,False,SINGLE_ACCOUNT_MATCH,"fan_in,layering,rapid_pass_through",EMERGING,,2644
RING108,8,fan_in,True,9,10,1,0.1111,2018-02-06T00:00:00+00:00,2018-02-13T00:00:00+00:00,2017-01-01T00:00:00+00:00,2017-05-01T00:00:00+00:00,9,0.0,-9624.0,False,SINGLE_ACCOUNT_MATCH,"fan_in,rapid_pass_through,repeated_intermediary",EMERGING,,647
RING109,16,fan_in,True,9,7,1,0.1111,2018-02-06T00:00:00+00:00,2018-02-07T00:00:00+00:00,2017-01-03T00:00:00+00:00,2017-03-29T00:00:00+00:00,6,0.0,-9576.0,False,SINGLE_ACCOUNT_MATCH,"fan_in,layering,rapid_pass_through",EMERGING,,551
RING110,27,fan_in,True,12,6,1,0.0833,2018-02-19T00:00:00+00:00,2018-02-28T00:00:00+00:00,2017-01-02T00:00:00+00:00,2017-12-08T00:00:00+00:00,5,0.0,-9912.0,False,SINGLE_ACCOUNT_MATCH,"fan_in,rapid_pass_through,repeated_intermediary",EMERGING,,253
RING113,72,cycle,True,16,8,1,0.0625,2018-02-24T00:00:00+00:00,2018-03-04T00:00:00+00:00,2018-12-05T00:00:00+00:00,2018-12-17T00:00:00+00:00,8,0.0,6816.0,False,SINGLE_ACCOUNT_MATCH,"fan_in,layering,rapid_pass_through",EMERGING,,396
RING117,72,cycle,True,17,8,1,0.0588,2018-03-09T00:00:00+00:00,2018-03-18T00:00:00+00:00,2018-12-05T00:00:00+00:00,2018-12-17T00:00:00+00:00,8,0.0,6504.0,False,SINGLE_ACCOUNT_MATCH,"fan_in,layering,rapid_pass_through",EMERGING,,11533
RING118,32,fan_out,True,19,8,1,0.0526,2018-03-10T00:00:00+00:00,2018-03-20T00:00:00+00:00,2017-01-13T00:00:00+00:00,2017-10-26T00:00:00+00:00,7,0.0,-10104.0,False,SINGLE_ACCOUNT_MATCH,"fan_in,layering,rapid_pass_through",EMERGING,,766
RING121,55,fan_out,True,15,9,1,0.0667,2018-04-18T00:00:00+00:00,2018-04-28T00:00:00+00:00,2017-01-05T00:00:00+00:00,2017-08-22T00:00:00+00:00,8,0.0,-11232.0,False,SINGLE_ACCOUNT_MATCH,"fan_in,layering,rapid_pass_through",EMERGING,,489
RING126,76,cycle,True,11,6,1,0.0909,2018-04-30T00:00:00+00:00,2018-05-10T00:00:00+00:00,2018-03-13T00:00:00+00:00,2018-03-16T00:00:00+00:00,5,0.0,-1152.0,False,SINGLE_ACCOUNT_MATCH,"circular_flow,fan_in,rapid_pass_through",OBSERVABLE_RING,,2406
RING128,95,cycle,True,10,9,1,0.1,2018-05-18T00:00:00+00:00,2018-05-25T00:00:00+00:00,2018-10-30T00:00:00+00:00,2018-11-09T00:00:00+00:00,9,0.0,3960.0,False,SINGLE_ACCOUNT_MATCH,"fan_in,rapid_pass_through,repeated_intermediary",EMERGING,,270
RING129,33,fan_out,True,18,6,1,0.0556,2018-05-18T00:00:00+00:00,2018-05-28T00:00:00+00:00,2017-02-06T00:00:00+00:00,2017-12-05T00:00:00+00:00,5,0.0,-11184.0,False,SINGLE_ACCOUNT_MATCH,"fan_in,rapid_pass_through,repeated_intermediary",EMERGING,,13
RING133,12,fan_in,True,24,10,1,0.0417,2018-06-22T00:00:00+00:00,2018-07-01T00:00:00+00:00,2017-01-01T00:00:00+00:00,2018-06-21T00:00:00+00:00,9,0.0,-12888.0,False,SINGLE_ACCOUNT_MATCH,"fan_in,rapid_pass_through,repeated_intermediary",EMERGING,,546
RING135,24,fan_in,True,12,10,1,0.0833,2018-06-25T00:00:00+00:00,2018-07-04T00:00:00+00:00,2017-01-01T00:00:00+00:00,2017-06-26T00:00:00+00:00,9,0.0,-12960.0,False,SINGLE_ACCOUNT_MATCH,"circular_flow,fan_in,rapid_pass_through",OBSERVABLE_RING,,6
RING136,36,fan_out,True,14,6,1,0.0714,2018-06-30T00:00:00+00:00,2018-07-07T00:00:00+00:00,2017-02-04T00:00:00+00:00,2017-12-29T00:00:00+00:00,5,0.0,-12264.0,False,SINGLE_ACCOUNT_MATCH,"fan_in,rapid_pass_through,repeated_intermediary",EMERGING,,249
RING138,33,fan_out,True,15,6,1,0.0667,2018-07-03T00:00:00+00:00,2018-07-13T00:00:00+00:00,2017-02-06T00:00:00+00:00,2017-12-05T00:00:00+00:00,5,0.0,-12288.0,False,SINGLE_ACCOUNT_MATCH,"circular_flow,fan_in,rapid_pass_through",OBSERVABLE_RING,,13
RING139,33,fan_out,True,12,6,1,0.0833,2018-07-05T00:00:00+00:00,2018-07-12T00:00:00+00:00,2017-02-06T00:00:00+00:00,2017-12-05T00:00:00+00:00,5,0.0,-12336.0,False,SINGLE_ACCOUNT_MATCH,"fan_in,rapid_pass_through,repeated_intermediary",EMERGING,,13
RING140,58,fan_out,True,14,9,1,0.0714,2018-07-06T00:00:00+00:00,2018-07-13T00:00:00+00:00,2017-01-18T00:00:00+00:00,2017-04-17T00:00:00+00:00,8,0.0,-12816.0,False,SINGLE_ACCOUNT_MATCH,"circular_flow,fan_in,rapid_pass_through,repeated_intermediary",OBSERVABLE_RING,,15
RING144,1,fan_in,True,8,6,1,0.125,2018-07-13T00:00:00+00:00,2018-07-17T00:00:00+00:00,2017-01-01T00:00:00+00:00,2017-06-26T00:00:00+00:00,5,0.0,-13392.0,False,SINGLE_ACCOUNT_MATCH,"fan_in,rapid_pass_through,repeated_intermediary",EMERGING,,105
RING145,22,fan_in,True,10,8,1,0.1,2018-07-15T00:00:00+00:00,2018-07-15T00:00:00+00:00,2017-01-01T00:00:00+00:00,2018-08-24T00:00:00+00:00,7,0.0,-13440.0,False,SINGLE_ACCOUNT_MATCH,"fan_in,layering,rapid_pass_through",EMERGING,,35
RING146,58,fan_out,True,18,9,1,0.0556,2018-07-20T00:00:00+00:00,2018-07-29T00:00:00+00:00,2017-01-18T00:00:00+00:00,2017-04-17T00:00:00+00:00,8,0.0,-13152.0,False,SINGLE_ACCOUNT_MATCH,"fan_in,rapid_pass_through,repeated_intermediary",EMERGING,,15
RING148,14,fan_in,True,16,5,1,0.0625,2018-07-27T00:00:00+00:00,2018-08-05T00:00:00+00:00,2017-01-02T00:00:00+00:00,2017-09-26T00:00:00+00:00,4,0.0,-13704.0,False,SINGLE_ACCOUNT_MATCH,"fan_in,rapid_pass_through,repeated_intermediary",EMERGING,,318
RING150,32,fan_out,True,16,8,1,0.0625,2018-08-12T00:00:00+00:00,2018-08-19T00:00:00+00:00,2017-01-13T00:00:00+00:00,2017-10-26T00:00:00+00:00,7,0.0,-13824.0,False,SINGLE_ACCOUNT_MATCH,"circular_flow,rapid_pass_through,repeated_intermediary",OBSERVABLE_RING,,30
RING152,24,fan_in,True,44,10,1,0.0227,2018-08-17T00:00:00+00:00,2018-08-27T00:00:00+00:00,2017-01-01T00:00:00+00:00,2017-06-26T00:00:00+00:00,9,0.0,-14232.0,False,SINGLE_ACCOUNT_MATCH,"fan_in,rapid_pass_through,repeated_intermediary",EMERGING,,6
RING153,48,fan_out,True,19,6,1,0.0526,2018-08-08T00:00:00+00:00,2018-08-16T00:00:00+00:00,2017-02-06T00:00:00+00:00,2017-03-18T00:00:00+00:00,5,0.0,-13152.0,False,SINGLE_ACCOUNT_MATCH,"fan_in,layering,rapid_pass_through,repeated_intermediary",EMERGING,,29
RING154,30,fan_out,True,8,9,1,0.125,2018-08-15T00:00:00+00:00,2018-08-17T00:00:00+00:00,2017-02-22T00:00:00+00:00,2018-01-18T00:00:00+00:00,8,0.0,-12936.0,False,SINGLE_ACCOUNT_MATCH,"fan_in,rapid_pass_through,repeated_intermediary",EMERGING,,136
RING155,11,fan_in,True,16,5,1,0.0625,2018-08-28T00:00:00+00:00,2018-09-06T00:00:00+00:00,2017-01-02T00:00:00+00:00,2017-07-04T00:00:00+00:00,4,0.0,-14472.0,False,SINGLE_ACCOUNT_MATCH,"fan_in,rapid_pass_through,repeated_intermediary",EMERGING,,772
RING156,16,fan_in,True,40,7,1,0.025,2018-08-28T00:00:00+00:00,2018-09-04T00:00:00+00:00,2017-01-03T00:00:00+00:00,2017-03-29T00:00:00+00:00,6,0.0,-14448.0,False,SINGLE_ACCOUNT_MATCH,"fan_in,layering,rapid_pass_through,repeated_intermediary",EMERGING,,392
RING158,89,cycle,True,9,7,1,0.1111,2018-08-18T00:00:00+00:00,2018-08-27T00:00:00+00:00,2017-05-26T00:00:00+00:00,2017-06-13T00:00:00+00:00,7,0.0,-10776.0,False,SINGLE_ACCOUNT_MATCH,"fan_in,rapid_pass_through,repeated_intermediary",EMERGING,,26
RING160,48,fan_out,True,11,6,1,0.0909,2018-08-21T00:00:00+00:00,2018-08-31T00:00:00+00:00,2017-02-06T00:00:00+00:00,2017-03-18T00:00:00+00:00,5,0.0,-13464.0,False,SINGLE_ACCOUNT_MATCH,"fan_in,rapid_pass_through,repeated_intermediary",EMERGING,,29
RING161,37,fan_out,True,29,7,1,0.0345,2018-08-21T00:00:00+00:00,2018-08-29T00:00:00+00:00,2017-01-01T00:00:00+00:00,2017-06-30T00:00:00+00:00,6,0.0,-14328.0,False,SINGLE_ACCOUNT_MATCH,"fan_in,rapid_pass_through,repeated_intermediary",EMERGING,,3214
RING162,17,fan_in,True,28,6,1,0.0357,2018-09-01T00:00:00+00:00,2018-09-07T00:00:00+00:00,2017-01-01T00:00:00+00:00,2018-04-02T00:00:00+00:00,5,0.0,-14592.0,False,SINGLE_ACCOUNT_MATCH,"fan_in,rapid_pass_through,repeated_intermediary",EMERGING,,493
RING164,67,cycle,True,20,6,1,0.05,2018-08-26T00:00:00+00:00,2018-09-02T00:00:00+00:00,2018-05-19T00:00:00+00:00,2018-05-30T00:00:00+00:00,6,0.0,-2376.0,False,SINGLE_ACCOUNT_MATCH,"fan_in,rapid_pass_through,repeated_intermediary",EMERGING,,52
RING165,55,fan_out,True,18,9,1,0.0556,2018-09-08T00:00:00+00:00,2018-09-10T00:00:00+00:00,2017-01-05T00:00:00+00:00,2017-08-22T00:00:00+00:00,8,0.0,-14664.0,False,SINGLE_ACCOUNT_MATCH,"fan_in,rapid_pass_through,repeated_intermediary",EMERGING,,108
RING168,47,fan_out,True,13,10,1,0.0769,2018-09-08T00:00:00+00:00,2018-09-14T00:00:00+00:00,2017-04-14T00:00:00+00:00,2018-08-01T00:00:00+00:00,9,0.0,-12288.0,False,SINGLE_ACCOUNT_MATCH,"fan_in,rapid_pass_through,repeated_intermediary",EMERGING,,94
RING169,27,fan_in,True,18,6,1,0.0556,2018-08-31T00:00:00+00:00,2018-09-08T00:00:00+00:00,2017-01-02T00:00:00+00:00,2017-12-08T00:00:00+00:00,5,0.0,-14544.0,False,SINGLE_ACCOUNT_MATCH,"fan_in,rapid_pass_through,repeated_intermediary",EMERGING,,114
RING172,1,fan_in,True,34,6,1,0.0294,2018-09-03T00:00:00+00:00,2018-09-13T00:00:00+00:00,2017-01-01T00:00:00+00:00,2017-06-26T00:00:00+00:00,5,0.0,-14640.0,False,SINGLE_ACCOUNT_MATCH,"fan_in,rapid_pass_through,repeated_intermediary",EMERGING,,105
RING173,10,fan_in,True,7,5,1,0.1429,2018-09-05T00:00:00+00:00,2018-09-13T00:00:00+00:00,2017-01-02T00:00:00+00:00,2018-02-11T00:00:00+00:00,4,0.0,-14664.0,False,SINGLE_ACCOUNT_MATCH,"fan_in,rapid_pass_through,repeated_intermediary",EMERGING,,774
RING175,58,fan_out,True,9,9,1,0.1111,2018-09-28T00:00:00+00:00,2018-09-29T00:00:00+00:00,2017-01-18T00:00:00+00:00,2017-04-17T00:00:00+00:00,8,0.0,-14832.0,False,SINGLE_ACCOUNT_MATCH,"fan_in,rapid_pass_through,repeated_intermediary",EMERGING,,15
RING177,30,fan_out,True,22,9,1,0.0455,2018-09-14T00:00:00+00:00,2018-09-24T00:00:00+00:00,2017-02-22T00:00:00+00:00,2018-01-18T00:00:00+00:00,8,0.0,-13656.0,False,SINGLE_ACCOUNT_MATCH,"fan_in,rapid_pass_through,repeated_intermediary",EMERGING,,136
RING178,19,fan_in,True,8,10,1,0.125,2018-09-16T00:00:00+00:00,2018-09-25T00:00:00+00:00,2017-01-02T00:00:00+00:00,2017-08-30T00:00:00+00:00,9,0.0,-14928.0,False,SINGLE_ACCOUNT_MATCH,"fan_in,rapid_pass_through,repeated_intermediary",EMERGING,,334
RING179,34,fan_out,True,10,5,1,0.1,2018-09-20T00:00:00+00:00,2018-09-25T00:00:00+00:00,2017-04-11T00:00:00+00:00,2017-09-03T00:00:00+00:00,4,0.0,-12648.0,False,SINGLE_ACCOUNT_MATCH,"fan_in,rapid_pass_through,repeated_intermediary",EMERGING,,45
RING180,30,fan_out,True,21,9,1,0.0476,2018-09-21T00:00:00+00:00,2018-09-29T00:00:00+00:00,2017-02-22T00:00:00+00:00,2018-01-18T00:00:00+00:00,8,0.0,-13824.0,False,SINGLE_ACCOUNT_MATCH,"fan_in,rapid_pass_through,repeated_intermediary",EMERGING,,136
RING182,30,fan_out,True,7,9,1,0.1429,2018-09-24T00:00:00+00:00,2018-09-26T00:00:00+00:00,2017-02-22T00:00:00+00:00,2018-01-18T00:00:00+00:00,8,0.0,-13896.0,False,SINGLE_ACCOUNT_MATCH,"fan_in,rapid_pass_through,repeated_intermediary",EMERGING,,875
RING183,34,fan_out,True,14,5,1,0.0714,2018-09-26T00:00:00+00:00,2018-10-02T00:00:00+00:00,2017-04-11T00:00:00+00:00,2017-09-03T00:00:00+00:00,4,0.0,-12792.0,False,SINGLE_ACCOUNT_MATCH,"fan_in,rapid_pass_through,repeated_intermediary",EMERGING,,45
RING184,47,fan_out,True,6,10,1,0.1667,2018-09-26T00:00:00+00:00,2018-09-29T00:00:00+00:00,2017-04-14T00:00:00+00:00,2018-08-01T00:00:00+00:00,9,0.0,-12720.0,False,SINGLE_ACCOUNT_MATCH,"circular_flow,fan_in,rapid_pass_through,repeated_intermediary",OBSERVABLE_RING,,94
RING186,4,fan_in,True,16,6,1,0.0625,2018-10-07T00:00:00+00:00,2018-10-12T00:00:00+00:00,2017-01-01T00:00:00+00:00,2018-01-20T00:00:00+00:00,5,0.0,-15456.0,False,SINGLE_ACCOUNT_MATCH,"fan_in,rapid_pass_through,repeated_intermediary",EMERGING,,591
RING187,24,fan_in,True,75,10,1,0.0133,2018-10-19T00:00:00+00:00,2018-10-28T00:00:00+00:00,2017-01-01T00:00:00+00:00,2017-06-26T00:00:00+00:00,9,0.0,-15744.0,False,SINGLE_ACCOUNT_MATCH,"fan_in,rapid_pass_through,repeated_intermediary",EMERGING,,6
RING189,32,fan_out,True,28,8,1,0.0357,2018-10-14T00:00:00+00:00,2018-10-18T00:00:00+00:00,2017-01-13T00:00:00+00:00,2017-10-26T00:00:00+00:00,7,0.0,-15336.0,False,SINGLE_ACCOUNT_MATCH,"fan_in,rapid_pass_through,repeated_intermediary",EMERGING,,30
RING190,24,fan_in,True,11,10,1,0.0909,2018-10-12T00:00:00+00:00,2018-10-21T00:00:00+00:00,2017-01-01T00:00:00+00:00,2017-06-26T00:00:00+00:00,9,0.0,-15576.0,False,SINGLE_ACCOUNT_MATCH,"fan_in,layering,rapid_pass_through",EMERGING,,6
RING191,11,fan_in,True,16,5,1,0.0625,2018-10-16T00:00:00+00:00,2018-10-23T00:00:00+00:00,2017-01-02T00:00:00+00:00,2017-07-04T00:00:00+00:00,4,0.0,-15648.0,False,SINGLE_ACCOUNT_MATCH,"fan_in,rapid_pass_through,repeated_intermediary",EMERGING,,706
RING192,22,fan_in,True,76,8,1,0.0132,2018-10-29T00:00:00+00:00,2018-11-07T00:00:00+00:00,2017-01-01T00:00:00+00:00,2018-08-24T00:00:00+00:00,7,0.0,-15984.0,False,SINGLE_ACCOUNT_MATCH,"fan_in,rapid_pass_through,repeated_intermediary",EMERGING,,35
RING193,10,fan_in,True,20,5,1,0.05,2018-11-05T00:00:00+00:00,2018-11-06T00:00:00+00:00,2017-01-02T00:00:00+00:00,2018-02-11T00:00:00+00:00,4,0.0,-16128.0,False,SINGLE_ACCOUNT_MATCH,"fan_in,rapid_pass_through,repeated_intermediary",EMERGING,,774
RING194,31,fan_out,True,18,6,1,0.0556,2018-11-07T00:00:00+00:00,2018-11-08T00:00:00+00:00,2017-04-28T00:00:00+00:00,2017-11-11T00:00:00+00:00,5,0.0,-13392.0,False,SINGLE_ACCOUNT_MATCH,"fan_in,rapid_pass_through,repeated_intermediary",EMERGING,,252
RING195,58,fan_out,True,18,9,1,0.0556,2018-10-23T00:00:00+00:00,2018-10-30T00:00:00+00:00,2017-01-18T00:00:00+00:00,2017-04-17T00:00:00+00:00,8,0.0,-15432.0,False,SINGLE_ACCOUNT_MATCH,"fan_in,rapid_pass_through,repeated_intermediary",EMERGING,,4
RING197,24,fan_in,True,8,10,1,0.125,2018-10-26T00:00:00+00:00,2018-10-29T00:00:00+00:00,2017-01-01T00:00:00+00:00,2017-06-26T00:00:00+00:00,9,0.0,-15912.0,False,SINGLE_ACCOUNT_MATCH,"fan_in,layering,rapid_pass_through",EMERGING,,6
RING200,40,fan_out,True,13,6,1,0.0769,2018-10-28T00:00:00+00:00,2018-11-05T00:00:00+00:00,2017-02-13T00:00:00+00:00,2018-08-10T00:00:00+00:00,5,0.0,-14928.0,False,SINGLE_ACCOUNT_MATCH,"fan_in,layering,rapid_pass_through",EMERGING,,478
RING201,24,fan_in,True,39,10,1,0.0256,2018-10-29T00:00:00+00:00,2018-10-31T00:00:00+00:00,2017-01-01T00:00:00+00:00,2017-06-26T00:00:00+00:00,9,0.0,-15984.0,False,SINGLE_ACCOUNT_MATCH,"fan_in,rapid_pass_through,repeated_intermediary",EMERGING,,6
RING207,55,fan_out,True,20,9,1,0.05,2018-11-06T00:00:00+00:00,2018-11-14T00:00:00+00:00,2017-01-05T00:00:00+00:00,2017-08-22T00:00:00+00:00,8,0.0,-16080.0,False,SINGLE_ACCOUNT_MATCH,"fan_in,rapid_pass_through,repeated_intermediary",EMERGING,,108
RING210,45,fan_out,True,6,5,1,0.1667,2018-11-12T00:00:00+00:00,2018-11-14T00:00:00+00:00,2017-07-05T00:00:00+00:00,2018-02-10T00:00:00+00:00,4,0.0,-11880.0,False,SINGLE_ACCOUNT_MATCH,"fan_in,rapid_pass_through,repeated_intermediary",EMERGING,,715
RING211,1,fan_in,True,70,6,1,0.0143,2018-11-24T00:00:00+00:00,2018-12-03T00:00:00+00:00,2017-01-01T00:00:00+00:00,2017-06-26T00:00:00+00:00,5,0.0,-16608.0,False,SINGLE_ACCOUNT_MATCH,"fan_in,rapid_pass_through,repeated_intermediary",EMERGING,,105
RING212,15,fan_in,True,19,8,1,0.0526,2018-11-30T00:00:00+00:00,2018-12-02T00:00:00+00:00,2017-01-01T00:00:00+00:00,2018-07-25T00:00:00+00:00,7,0.0,-16752.0,False,SINGLE_ACCOUNT_MATCH,"fan_in,rapid_pass_through,repeated_intermediary",EMERGING,,280
RING213,24,fan_in,True,9,10,1,0.1111,2018-11-16T00:00:00+00:00,2018-11-18T00:00:00+00:00,2017-01-01T00:00:00+00:00,2017-06-26T00:00:00+00:00,9,0.0,-16416.0,False,SINGLE_ACCOUNT_MATCH,"fan_in,rapid_pass_through,repeated_intermediary",EMERGING,,6
RING214,1,fan_in,True,23,6,1,0.0435,2018-11-25T00:00:00+00:00,2018-11-26T00:00:00+00:00,2017-01-01T00:00:00+00:00,2017-06-26T00:00:00+00:00,5,0.0,-16632.0,False,SINGLE_ACCOUNT_MATCH,"fan_in,rapid_pass_through,repeated_intermediary",EMERGING,,105
RING217,24,fan_in,True,97,10,1,0.0103,2018-11-29T00:00:00+00:00,2018-12-01T00:00:00+00:00,2017-01-01T00:00:00+00:00,2017-06-26T00:00:00+00:00,9,0.0,-16728.0,False,SINGLE_ACCOUNT_MATCH,"fan_in,rapid_pass_through,repeated_intermediary",EMERGING,,79
RING218,48,fan_out,True,21,6,1,0.0476,2018-11-19T00:00:00+00:00,2018-11-26T00:00:00+00:00,2017-02-06T00:00:00+00:00,2017-03-18T00:00:00+00:00,5,0.0,-15624.0,False,SINGLE_ACCOUNT_MATCH,"fan_in,rapid_pass_through,repeated_intermediary",EMERGING,,322
RING219,16,fan_in,True,88,7,1,0.0114,2018-12-04T00:00:00+00:00,2018-12-05T00:00:00+00:00,2017-01-03T00:00:00+00:00,2017-03-29T00:00:00+00:00,6,0.0,-16800.0,False,SINGLE_ACCOUNT_MATCH,"fan_in,rapid_pass_through,repeated_intermediary",EMERGING,,551
RING221,30,fan_out,True,10,9,1,0.1,2018-11-19T00:00:00+00:00,2018-11-28T00:00:00+00:00,2017-02-22T00:00:00+00:00,2018-01-18T00:00:00+00:00,8,0.0,-15240.0,False,SINGLE_ACCOUNT_MATCH,"fan_in,rapid_pass_through,repeated_intermediary",EMERGING,,875
RING225,22,fan_in,True,19,8,1,0.0526,2018-11-29T00:00:00+00:00,2018-11-30T00:00:00+00:00,2017-01-01T00:00:00+00:00,2018-08-24T00:00:00+00:00,7,0.0,-16728.0,False,SINGLE_ACCOUNT_MATCH,"fan_in,rapid_pass_through,repeated_intermediary",EMERGING,,35
RING229,61,cycle,True,12,6,1,0.0833,2018-11-27T00:00:00+00:00,2018-11-28T00:00:00+00:00,2017-05-13T00:00:00+00:00,2017-05-23T00:00:00+00:00,6,0.0,-13512.0,False,SINGLE_ACCOUNT_MATCH,"circular_flow,rapid_pass_through,repeated_intermediary",OBSERVABLE_RING,,55
RING230,18,fan_in,True,66,5,1,0.0152,2018-12-08T00:00:00+00:00,2018-12-10T00:00:00+00:00,2017-01-01T00:00:00+00:00,2017-05-13T00:00:00+00:00,4,0.0,-16944.0,False,SINGLE_ACCOUNT_MATCH,"fan_in,rapid_pass_through,repeated_intermediary",EMERGING,,344
RING232,33,fan_out,True,32,6,1,0.0312,2018-11-24T00:00:00+00:00,2018-12-01T00:00:00+00:00,2017-02-06T00:00:00+00:00,2017-12-05T00:00:00+00:00,5,0.0,-15744.0,False,SINGLE_ACCOUNT_MATCH,"fan_in,rapid_pass_through,repeated_intermediary",EMERGING,,13
RING233,68,cycle,True,24,6,1,0.0417,2018-12-11T00:00:00+00:00,2018-12-12T00:00:00+00:00,2017-11-17T00:00:00+00:00,2017-11-22T00:00:00+00:00,6,0.0,-9336.0,False,SINGLE_ACCOUNT_MATCH,"fan_in,rapid_pass_through,repeated_intermediary",EMERGING,,49
RING236,20,fan_in,True,32,6,1,0.0312,2018-12-02T00:00:00+00:00,2018-12-05T00:00:00+00:00,2017-01-02T00:00:00+00:00,2018-01-25T00:00:00+00:00,5,0.0,-16776.0,False,SINGLE_ACCOUNT_MATCH,"fan_in,rapid_pass_through,repeated_intermediary",EMERGING,,338
RING237,24,fan_in,True,93,10,1,0.0108,2018-12-12T00:00:00+00:00,2018-12-18T00:00:00+00:00,2017-01-01T00:00:00+00:00,2017-06-26T00:00:00+00:00,9,0.0,-17040.0,False,SINGLE_ACCOUNT_MATCH,"fan_in,rapid_pass_through,repeated_intermediary",EMERGING,,6
RING239,13,fan_in,True,81,9,1,0.0123,2018-12-13T00:00:00+00:00,2018-12-19T00:00:00+00:00,2017-01-01T00:00:00+00:00,2017-05-14T00:00:00+00:00,8,0.0,-17064.0,False,SINGLE_ACCOUNT_MATCH,"fan_in,rapid_pass_through,repeated_intermediary",EMERGING,,10031
RING240,16,fan_in,True,88,7,1,0.0114,2018-12-16T00:00:00+00:00,2018-12-17T00:00:00+00:00,2017-01-03T00:00:00+00:00,2017-03-29T00:00:00+00:00,6,0.0,-17088.0,False,SINGLE_ACCOUNT_MATCH,"fan_in,rapid_pass_through,repeated_intermediary",EMERGING,,392
RING244,1,fan_in,True,70,6,1,0.0143,2018-12-07T00:00:00+00:00,2018-12-15T00:00:00+00:00,2017-01-01T00:00:00+00:00,2017-06-26T00:00:00+00:00,5,0.0,-16920.0,False,SINGLE_ACCOUNT_MATCH,"fan_in,rapid_pass_through,repeated_intermediary",EMERGING,,105
RING249,22,fan_in,True,65,8,1,0.0154,2018-12-08T00:00:00+00:00,2018-12-17T00:00:00+00:00,2017-01-01T00:00:00+00:00,2018-08-24T00:00:00+00:00,7,0.0,-16944.0,False,SINGLE_ACCOUNT_MATCH,"fan_in,rapid_pass_through,repeated_intermediary",EMERGING,,35
RING250,27,fan_in,True,54,6,1,0.0185,2018-12-09T00:00:00+00:00,2018-12-15T00:00:00+00:00,2017-01-02T00:00:00+00:00,2017-12-08T00:00:00+00:00,5,0.0,-16944.0,False,SINGLE_ACCOUNT_MATCH,"fan_in,rapid_pass_through,repeated_intermediary",EMERGING,,114
RING252,22,fan_in,True,71,8,1,0.0141,2018-12-11T00:00:00+00:00,2018-12-18T00:00:00+00:00,2017-01-01T00:00:00+00:00,2018-08-24T00:00:00+00:00,7,0.0,-17016.0,False,SINGLE_ACCOUNT_MATCH,"fan_in,rapid_pass_through,repeated_intermediary",EMERGING,,35
RING253,15,fan_in,True,100,8,1,0.01,2018-12-11T00:00:00+00:00,2018-12-16T00:00:00+00:00,2017-01-01T00:00:00+00:00,2018-07-25T00:00:00+00:00,7,0.0,-17016.0,False,SINGLE_ACCOUNT_MATCH,"fan_in,rapid_pass_through,repeated_intermediary",EMERGING,,280
RING254,1,fan_in,True,30,6,1,0.0333,2018-12-11T00:00:00+00:00,2018-12-19T00:00:00+00:00,2017-01-01T00:00:00+00:00,2017-06-26T00:00:00+00:00,5,0.0,-17016.0,False,SINGLE_ACCOUNT_MATCH,"circular_flow,rapid_pass_through,repeated_intermediary",OBSERVABLE_RING,,105
RING255,1,fan_in,True,81,6,1,0.0123,2018-12-13T00:00:00+00:00,2018-12-21T00:00:00+00:00,2017-01-01T00:00:00+00:00,2017-06-26T00:00:00+00:00,5,0.0,-17064.0,False,SINGLE_ACCOUNT_MATCH,"fan_in,rapid_pass_through,repeated_intermediary",EMERGING,,105
RING258,32,fan_out,True,35,8,1,0.0286,2018-12-11T00:00:00+00:00,2018-12-21T00:00:00+00:00,2017-01-13T00:00:00+00:00,2017-10-26T00:00:00+00:00,7,0.0,-16728.0,False,SINGLE_ACCOUNT_MATCH,"fan_in,rapid_pass_through,repeated_intermediary",EMERGING,,30
RING259,80,cycle,True,22,10,1,0.0455,2018-12-19T00:00:00+00:00,2018-12-20T00:00:00+00:00,2018-11-17T00:00:00+00:00,2018-11-29T00:00:00+00:00,9,0.0,-768.0,False,SINGLE_ACCOUNT_MATCH,"fan_in,rapid_pass_through,repeated_intermediary",EMERGING,,4400
RING263,31,fan_out,True,82,6,1,0.0122,2018-12-16T00:00:00+00:00,2018-12-16T00:00:00+00:00,2017-04-28T00:00:00+00:00,2017-11-11T00:00:00+00:00,5,0.0,-14328.0,False,SINGLE_ACCOUNT_MATCH,"fan_in,rapid_pass_through,repeated_intermediary",EMERGING,,252
RING265,35,fan_out,True,50,10,1,0.02,2018-12-20T00:00:00+00:00,2018-12-21T00:00:00+00:00,2017-01-06T00:00:00+00:00,2018-04-11T00:00:00+00:00,9,0.0,-17112.0,False,SINGLE_ACCOUNT_MATCH,"fan_in,rapid_pass_through,repeated_intermediary",EMERGING,,206
RING044,0,fan_in,True,13,8,0,0.0,2017-05-17T00:00:00+00:00,2017-05-27T00:00:00+00:00,2017-01-01T00:00:00+00:00,2017-12-09T00:00:00+00:00,7,240.0,-3264.0,False,NO_MATCH,"circular_flow,fan_in,rapid_pass_through",OBSERVABLE_RING,,
RING068,0,fan_in,True,15,8,0,0.0,2017-08-05T00:00:00+00:00,2017-08-15T00:00:00+00:00,2017-01-01T00:00:00+00:00,2017-12-09T00:00:00+00:00,7,240.0,-5184.0,False,NO_MATCH,"fan_in,rapid_pass_through,split_merge",EMERGING,,
RING037,0,fan_in,True,12,8,0,0.0,2017-04-22T00:00:00+00:00,2017-05-01T00:00:00+00:00,2017-01-01T00:00:00+00:00,2017-12-09T00:00:00+00:00,7,216.0,-2664.0,False,NO_MATCH,"fan_in,layering,rapid_pass_through",EMERGING,,
RING042,0,fan_in,True,10,8,0,0.0,2017-05-11T00:00:00+00:00,2017-05-20T00:00:00+00:00,2017-01-01T00:00:00+00:00,2017-12-09T00:00:00+00:00,7,216.0,-3120.0,False,NO_MATCH,"fan_in,layering,rapid_pass_through",EMERGING,,
RING061,0,fan_in,True,14,8,0,0.0,2017-07-14T00:00:00+00:00,2017-07-23T00:00:00+00:00,2017-01-01T00:00:00+00:00,2017-12-09T00:00:00+00:00,7,216.0,-4656.0,False,NO_MATCH,"fan_in,layering,rapid_pass_through",EMERGING,,
RING069,0,fan_in,True,18,8,0,0.0,2017-08-15T00:00:00+00:00,2017-08-24T00:00:00+00:00,2017-01-01T00:00:00+00:00,2017-12-09T00:00:00+00:00,7,216.0,-5424.0,False,NO_MATCH,"fan_in,rapid_pass_through,split_merge",EMERGING,,
RING119,12,fan_in,True,13,10,0,0.0,2018-04-06T00:00:00+00:00,2018-04-15T00:00:00+00:00,2017-01-01T00:00:00+00:00,2018-06-21T00:00:00+00:00,9,216.0,-11040.0,False,NO_MATCH,"circular_flow,fan_in,rapid_pass_through",OBSERVABLE_RING,,
RING147,22,fan_in,True,9,8,0,0.0,2018-07-22T00:00:00+00:00,2018-07-31T00:00:00+00:00,2017-01-01T00:00:00+00:00,2018-08-24T00:00:00+00:00,7,216.0,-13608.0,False,NO_MATCH,"fan_in,rapid_pass_through,repeated_intermediary",EMERGING,,
RING149,22,fan_in,True,8,8,0,0.0,2018-07-29T00:00:00+00:00,2018-08-07T00:00:00+00:00,2017-01-01T00:00:00+00:00,2018-08-24T00:00:00+00:00,7,216.0,-13776.0,False,NO_MATCH,"fan_in,rapid_pass_through,repeated_intermediary",EMERGING,,
RING071,0,fan_in,True,16,8,0,0.0,2017-08-22T00:00:00+00:00,2017-08-30T00:00:00+00:00,2017-01-01T00:00:00+00:00,2017-12-09T00:00:00+00:00,7,192.0,-5592.0,False,NO_MATCH,"fan_in,layering,rapid_pass_through",EMERGING,,
RING125,12,fan_in,True,9,10,0,0.0,2018-04-30T00:00:00+00:00,2018-05-08T00:00:00+00:00,2017-01-01T00:00:00+00:00,2018-06-21T00:00:00+00:00,9,192.0,-11616.0,False,NO_MATCH,"circular_flow,fan_in,rapid_pass_through",OBSERVABLE_RING,,
RING159,25,fan_in,True,7,9,0,0.0,2018-08-19T00:00:00+00:00,2018-08-27T00:00:00+00:00,2017-01-01T00:00:00+00:00,2018-09-09T00:00:00+00:00,8,192.0,-14280.0,False,NO_MATCH,"fan_in,rapid_pass_through,repeated_intermediary",EMERGING,,
RING067,0,fan_in,True,11,8,0,0.0,2017-08-04T00:00:00+00:00,2017-08-11T00:00:00+00:00,2017-01-01T00:00:00+00:00,2017-12-09T00:00:00+00:00,7,168.0,-5160.0,False,NO_MATCH,"fan_in,rapid_pass_through,split_merge",EMERGING,,
RING260,88,cycle,True,3,9,0,0.0,2018-12-12T00:00:00+00:00,2018-12-21T00:00:00+00:00,2018-11-30T00:00:00+00:00,2018-12-19T00:00:00+00:00,9,168.0,-288.0,False,NO_MATCH,"circular_flow,rapid_pass_through,repeated_intermediary",OBSERVABLE_RING,,
RING070,0,fan_in,True,11,8,0,0.0,2017-08-20T00:00:00+00:00,2017-08-26T00:00:00+00:00,2017-01-01T00:00:00+00:00,2017-12-09T00:00:00+00:00,7,144.0,-5544.0,False,NO_MATCH,"fan_in,rapid_pass_through,split_merge",EMERGING,,
RING131,12,fan_in,True,18,10,0,0.0,2018-06-01T00:00:00+00:00,2018-06-07T00:00:00+00:00,2017-01-01T00:00:00+00:00,2018-06-21T00:00:00+00:00,9,144.0,-12384.0,False,NO_MATCH,"circular_flow,fan_in,rapid_pass_through",OBSERVABLE_RING,,
RING170,25,fan_in,True,13,9,0,0.0,2018-09-03T00:00:00+00:00,2018-09-11T00:00:00+00:00,2017-01-01T00:00:00+00:00,2018-09-09T00:00:00+00:00,8,144.0,-14640.0,False,NO_MATCH,"circular_flow,fan_in,rapid_pass_through",OBSERVABLE_RING,,
RING127,12,fan_in,True,12,10,0,0.0,2018-05-05T00:00:00+00:00,2018-05-09T00:00:00+00:00,2017-01-01T00:00:00+00:00,2018-06-21T00:00:00+00:00,9,96.0,-11736.0,False,NO_MATCH,"fan_in,rapid_pass_through,repeated_intermediary",EMERGING,,
RING234,88,cycle,True,10,9,0,0.0,2018-11-26T00:00:00+00:00,2018-12-04T00:00:00+00:00,2018-11-30T00:00:00+00:00,2018-12-19T00:00:00+00:00,9,96.0,96.0,False,NO_MATCH,"fan_in,rapid_pass_through,repeated_intermediary",EMERGING,,
RING040,0,fan_in,True,10,8,0,0.0,2017-05-06T00:00:00+00:00,2017-05-09T00:00:00+00:00,2017-01-01T00:00:00+00:00,2017-12-09T00:00:00+00:00,7,72.0,-3000.0,False,NO_MATCH,"fan_in,layering,rapid_pass_through",EMERGING,,
RING216,88,cycle,True,3,9,0,0.0,2018-12-02T00:00:00+00:00,2018-12-05T00:00:00+00:00,2018-11-30T00:00:00+00:00,2018-12-19T00:00:00+00:00,9,72.0,-48.0,False,NO_MATCH,"circular_flow,rapid_pass_through,repeated_intermediary",OBSERVABLE_RING,,
RING060,0,fan_in,True,10,8,0,0.0,2017-07-26T00:00:00+00:00,2017-07-28T00:00:00+00:00,2017-01-01T00:00:00+00:00,2017-12-09T00:00:00+00:00,7,48.0,-4944.0,False,NO_MATCH,"circular_flow,fan_in,rapid_pass_through",OBSERVABLE_RING,,
RING222,80,cycle,True,6,10,0,0.0,2018-11-20T00:00:00+00:00,2018-11-22T00:00:00+00:00,2018-11-17T00:00:00+00:00,2018-11-29T00:00:00+00:00,9,48.0,-72.0,False,NO_MATCH,"fan_in,rapid_pass_through,repeated_intermediary",EMERGING,,
RING166,0,fan_in,True,9,8,0,0.0,2018-09-07T00:00:00+00:00,2018-09-07T00:00:00+00:00,2017-01-01T00:00:00+00:00,2017-12-09T00:00:00+00:00,7,0.0,-14736.0,False,NO_MATCH,"fan_in,layering,rapid_pass_through",EMERGING,,
