candidate_ring_id,warning_window,alerted,matched_ground_truth_ring_id,match_strength,match_method,match_overlap_fraction,n_shared_accounts,account_recall,candidate_account_precision,jaccard,alert_type,shared_accounts,candidate_start,candidate_end,ground_truth_start,ground_truth_end,temporal_overlap_days,temporal_gap_days,candidate_span_days,ground_truth_span_days,observable_window,lead_time_windows,early_detection,completion_observable_window,completion_lead_time_windows,completion_early_detection
RING001,6.0,True,,NONE,no_match,0.0,0,0.0,0.0,0.0,,[],,,,,0.0,,,,,,,,,
RING002,11.0,True,,NONE,no_match,0.0,0,0.0,0.0,0.0,,[],,,,,0.0,,,,,,,,,
RING003,,False,,NONE,no_match,0.0,0,0.0,0.0,0.0,,[],,,,,0.0,,,,,,,,,
RING004,,False,,NONE,no_match,0.0,0,0.0,0.0,0.0,,[],,,,,0.0,,,,,,,,,
RING005,21.0,True,,NONE,no_match,0.0,0,0.0,0.0,0.0,,[],,,,,0.0,,,,,,,,,
RING006,,False,,NONE,no_match,0.0,0,0.0,0.0,0.0,,[],,,,,0.0,,,,,,,,,
RING007,19.0,True,,NONE,no_match,0.0,0,0.0,0.0,0.0,,[],,,,,0.0,,,,,,,,,
RING008,,False,,NONE,no_match,0.0,0,0.0,0.0,0.0,,[],,,,,0.0,,,,,,,,,
RING009,23.0,True,24,STRONG,2_shared_accounts_plus_temporal_overlap,0.2,2,0.2,0.2,0.1111111111111111,fan_in,"['4354', '6']",2017-01-23 00:00:00+00:00,2017-01-28 00:00:00+00:00,2017-01-01 00:00:00+00:00,2017-06-26 00:00:00+00:00,5.0,0.0,5.0,176.0,0.0,-23.0,False,176.0,153.0,True
RING010,,False,,NONE,no_match,0.0,0,0.0,0.0,0.0,,[],,,,,0.0,,,,,,,,,
RING011,28.0,True,,NONE,no_match,0.0,0,0.0,0.0,0.0,,[],,,,,0.0,,,,,,,,,
RING012,,False,,NONE,no_match,0.0,0,0.0,0.0,0.0,,[],,,,,0.0,,,,,,,,,
RING013,47.0,True,,NONE,no_match,0.0,0,0.0,0.0,0.0,,[],,,,,0.0,,,,,,,,,
RING014,39.0,True,,NONE,no_match,0.0,0,0.0,0.0,0.0,,[],,,,,0.0,,,,,,,,,
RING015,,False,,NONE,no_match,0.0,0,0.0,0.0,0.0,,[],,,,,0.0,,,,,,,,,
RING016,52.0,True,,NONE,no_match,0.0,0,0.0,0.0,0.0,,[],,,,,0.0,,,,,,,,,
RING017,,False,,NONE,no_match,0.0,0,0.0,0.0,0.0,,[],,,,,0.0,,,,,,,,,
RING018,,False,,NONE,no_match,0.0,0,0.0,0.0,0.0,,[],,,,,0.0,,,,,,,,,
RING019,53.0,True,,NONE,no_match,0.0,0,0.0,0.0,0.0,,[],,,,,0.0,,,,,,,,,
RING020,54.0,True,,NONE,no_match,0.0,0,0.0,0.0,0.0,,[],,,,,0.0,,,,,,,,,
RING021,63.0,True,,NONE,no_match,0.0,0,0.0,0.0,0.0,,[],,,,,0.0,,,,,,,,,
RING022,63.0,True,,NONE,no_match,0.0,0,0.0,0.0,0.0,,[],,,,,0.0,,,,,,,,,
RING023,68.0,True,,NONE,no_match,0.0,0,0.0,0.0,0.0,,[],,,,,0.0,,,,,,,,,
RING024,67.0,True,,NONE,no_match,0.0,0,0.0,0.0,0.0,,[],,,,,0.0,,,,,,,,,
RING025,73.0,True,,NONE,no_match,0.0,0,0.0,0.0,0.0,,[],,,,,0.0,,,,,,,,,
RING026,74.0,True,,NONE,no_match,0.0,0,0.0,0.0,0.0,,[],,,,,0.0,,,,,,,,,
RING027,81.0,True,,NONE,no_match,0.0,0,0.0,0.0,0.0,,[],,,,,0.0,,,,,,,,,
RING028,94.0,True,,NONE,no_match,0.0,0,0.0,0.0,0.0,,[],,,,,0.0,,,,,,,,,
RING029,,False,,NONE,no_match,0.0,0,0.0,0.0,0.0,,[],,,,,0.0,,,,,,,,,
RING030,,False,,NONE,no_match,0.0,0,0.0,0.0,0.0,,[],,,,,0.0,,,,,,,,,
RING031,,False,,NONE,no_match,0.0,0,0.0,0.0,0.0,,[],,,,,0.0,,,,,,,,,
RING032,100.0,True,,NONE,no_match,0.0,0,0.0,0.0,0.0,,[],,,,,0.0,,,,,,,,,
RING033,,False,,NONE,no_match,0.0,0,0.0,0.0,0.0,,[],,,,,0.0,,,,,,,,,
RING034,100.0,True,,NONE,no_match,0.0,0,0.0,0.0,0.0,,[],,,,,0.0,,,,,,,,,
RING035,99.0,True,,NONE,no_match,0.0,0,0.0,0.0,0.0,,[],,,,,0.0,,,,,,,,,
RING036,105.0,True,,NONE,no_match,0.0,0,0.0,0.0,0.0,,[],,,,,0.0,,,,,,,,,
RING037,,False,,NONE,no_match,0.0,0,0.0,0.0,0.0,,[],,,,,0.0,,,,,,,,,
RING038,103.0,True,,NONE,no_match,0.0,0,0.0,0.0,0.0,,[],,,,,0.0,,,,,,,,,
RING039,102.0,True,,NONE,no_match,0.0,0,0.0,0.0,0.0,,[],,,,,0.0,,,,,,,,,
RING040,,False,,NONE,no_match,0.0,0,0.0,0.0,0.0,,[],,,,,0.0,,,,,,,,,
RING041,,False,,NONE,no_match,0.0,0,0.0,0.0,0.0,,[],,,,,0.0,,,,,,,,,
RING042,,False,,NONE,no_match,0.0,0,0.0,0.0,0.0,,[],,,,,0.0,,,,,,,,,
RING043,,False,,NONE,no_match,0.0,0,0.0,0.0,0.0,,[],,,,,0.0,,,,,,,,,
RING044,107.0,True,,NONE,no_match,0.0,0,0.0,0.0,0.0,,[],,,,,0.0,,,,,,,,,
RING045,,False,,NONE,no_match,0.0,0,0.0,0.0,0.0,,[],,,,,0.0,,,,,,,,,
RING046,,False,,NONE,no_match,0.0,0,0.0,0.0,0.0,,[],,,,,0.0,,,,,,,,,
RING047,,False,,NONE,no_match,0.0,0,0.0,0.0,0.0,,[],,,,,0.0,,,,,,,,,
RING048,123.0,True,,NONE,no_match,0.0,0,0.0,0.0,0.0,,[],,,,,0.0,,,,,,,,,
RING049,,False,,NONE,no_match,0.0,0,0.0,0.0,0.0,,[],,,,,0.0,,,,,,,,,
RING050,,False,,NONE,no_match,0.0,0,0.0,0.0,0.0,,[],,,,,0.0,,,,,,,,,
RING051,128.0,True,,NONE,no_match,0.0,0,0.0,0.0,0.0,,[],,,,,0.0,,,,,,,,,
RING052,,False,,NONE,no_match,0.0,0,0.0,0.0,0.0,,[],,,,,0.0,,,,,,,,,
RING053,138.0,True,,NONE,no_match,0.0,0,0.0,0.0,0.0,,[],,,,,0.0,,,,,,,,,
RING054,137.0,True,,NONE,no_match,0.0,0,0.0,0.0,0.0,,[],,,,,0.0,,,,,,,,,
RING055,143.0,True,,NONE,no_match,0.0,0,0.0,0.0,0.0,,[],,,,,0.0,,,,,,,,,
RING056,145.0,True,,NONE,no_match,0.0,0,0.0,0.0,0.0,,[],,,,,0.0,,,,,,,,,
RING057,158.0,True,,NONE,no_match,0.0,0,0.0,0.0,0.0,,[],,,,,0.0,,,,,,,,,
RING058,,False,,NONE,no_match,0.0,0,0.0,0.0,0.0,,[],,,,,0.0,,,,,,,,,
RING059,164.0,True,,NONE,no_match,0.0,0,0.0,0.0,0.0,,[],,,,,0.0,,,,,,,,,
RING060,165.0,True,,NONE,no_match,0.0,0,0.0,0.0,0.0,,[],,,,,0.0,,,,,,,,,
RING061,164.0,True,,NONE,no_match,0.0,0,0.0,0.0,0.0,,[],,,,,0.0,,,,,,,,,
RING062,167.0,True,,NONE,no_match,0.0,0,0.0,0.0,0.0,,[],,,,,0.0,,,,,,,,,
RING063,182.0,True,,NONE,no_match,0.0,0,0.0,0.0,0.0,,[],,,,,0.0,,,,,,,,,
RING064,,False,,NONE,no_match,0.0,0,0.0,0.0,0.0,,[],,,,,0.0,,,,,,,,,
RING065,,False,,NONE,no_match,0.0,0,0.0,0.0,0.0,,[],,,,,0.0,,,,,,,,,
RING066,,False,,NONE,no_match,0.0,0,0.0,0.0,0.0,,[],,,,,0.0,,,,,,,,,
RING067,186.0,True,,NONE,no_match,0.0,0,0.0,0.0,0.0,,[],,,,,0.0,,,,,,,,,
RING068,,False,,NONE,no_match,0.0,0,0.0,0.0,0.0,,[],,,,,0.0,,,,,,,,,
RING069,,False,,NONE,no_match,0.0,0,0.0,0.0,0.0,,[],,,,,0.0,,,,,,,,,
RING070,208.0,True,,NONE,no_match,0.0,0,0.0,0.0,0.0,,[],,,,,0.0,,,,,,,,,
RING071,,False,,NONE,no_match,0.0,0,0.0,0.0,0.0,,[],,,,,0.0,,,,,,,,,
RING072,200.0,True,,NONE,no_match,0.0,0,0.0,0.0,0.0,,[],,,,,0.0,,,,,,,,,
RING073,203.0,True,,NONE,no_match,0.0,0,0.0,0.0,0.0,,[],,,,,0.0,,,,,,,,,
RING074,205.0,True,,NONE,no_match,0.0,0,0.0,0.0,0.0,,[],,,,,0.0,,,,,,,,,
RING075,203.0,True,,NONE,no_match,0.0,0,0.0,0.0,0.0,,[],,,,,0.0,,,,,,,,,
RING076,215.0,True,,NONE,no_match,0.0,0,0.0,0.0,0.0,,[],,,,,0.0,,,,,,,,,
RING077,,False,,NONE,no_match,0.0,0,0.0,0.0,0.0,,[],,,,,0.0,,,,,,,,,
RING078,,False,,NONE,no_match,0.0,0,0.0,0.0,0.0,,[],,,,,0.0,,,,,,,,,
RING079,237.0,True,,NONE,no_match,0.0,0,0.0,0.0,0.0,,[],,,,,0.0,,,,,,,,,
RING080,,False,,NONE,no_match,0.0,0,0.0,0.0,0.0,,[],,,,,0.0,,,,,,,,,
RING081,,False,,NONE,no_match,0.0,0,0.0,0.0,0.0,,[],,,,,0.0,,,,,,,,,
RING082,242.0,True,,NONE,no_match,0.0,0,0.0,0.0,0.0,,[],,,,,0.0,,,,,,,,,
RING083,244.0,True,,NONE,no_match,0.0,0,0.0,0.0,0.0,,[],,,,,0.0,,,,,,,,,
RING084,252.0,True,,NONE,no_match,0.0,0,0.0,0.0,0.0,,[],,,,,0.0,,,,,,,,,
RING085,,False,,NONE,no_match,0.0,0,0.0,0.0,0.0,,[],,,,,0.0,,,,,,,,,
RING086,265.0,True,,NONE,no_match,0.0,0,0.0,0.0,0.0,,[],,,,,0.0,,,,,,,,,
RING087,264.0,True,,NONE,no_match,0.0,0,0.0,0.0,0.0,,[],,,,,0.0,,,,,,,,,
RING088,270.0,True,,NONE,no_match,0.0,0,0.0,0.0,0.0,,[],,,,,0.0,,,,,,,,,
RING089,288.0,True,,NONE,no_match,0.0,0,0.0,0.0,0.0,,[],,,,,0.0,,,,,,,,,
RING090,,False,,NONE,no_match,0.0,0,0.0,0.0,0.0,,[],,,,,0.0,,,,,,,,,
RING091,,False,,NONE,no_match,0.0,0,0.0,0.0,0.0,,[],,,,,0.0,,,,,,,,,
RING092,,False,,NONE,no_match,0.0,0,0.0,0.0,0.0,,[],,,,,0.0,,,,,,,,,
RING093,302.0,True,,NONE,no_match,0.0,0,0.0,0.0,0.0,,[],,,,,0.0,,,,,,,,,
RING094,,False,,NONE,no_match,0.0,0,0.0,0.0,0.0,,[],,,,,0.0,,,,,,,,,
RING095,313.0,True,,NONE,no_match,0.0,0,0.0,0.0,0.0,,[],,,,,0.0,,,,,,,,,
RING096,328.0,True,,NONE,no_match,0.0,0,0.0,0.0,0.0,,[],,,,,0.0,,,,,,,,,
RING097,337.0,True,,NONE,no_match,0.0,0,0.0,0.0,0.0,,[],,,,,0.0,,,,,,,,,
RING098,,False,,NONE,no_match,0.0,0,0.0,0.0,0.0,,[],,,,,0.0,,,,,,,,,
RING099,335.0,True,,NONE,no_match,0.0,0,0.0,0.0,0.0,,[],,,,,0.0,,,,,,,,,
RING100,349.0,True,,NONE,no_match,0.0,0,0.0,0.0,0.0,,[],,,,,0.0,,,,,,,,,
RING101,,False,,NONE,no_match,0.0,0,0.0,0.0,0.0,,[],,,,,0.0,,,,,,,,,
RING102,358.0,True,,NONE,no_match,0.0,0,0.0,0.0,0.0,,[],,,,,0.0,,,,,,,,,
RING103,354.0,True,,NONE,no_match,0.0,0,0.0,0.0,0.0,,[],,,,,0.0,,,,,,,,,
RING104,381.0,True,,NONE,no_match,0.0,0,0.0,0.0,0.0,,[],,,,,0.0,,,,,,,,,
RING105,375.0,True,,NONE,no_match,0.0,0,0.0,0.0,0.0,,[],,,,,0.0,,,,,,,,,
RING106,385.0,True,,NONE,no_match,0.0,0,0.0,0.0,0.0,,[],,,,,0.0,,,,,,,,,
RING107,388.0,True,,NONE,no_match,0.0,0,0.0,0.0,0.0,,[],,,,,0.0,,,,,,,,,
RING108,,False,,NONE,no_match,0.0,0,0.0,0.0,0.0,,[],,,,,0.0,,,,,,,,,
RING109,400.0,True,,NONE,no_match,0.0,0,0.0,0.0,0.0,,[],,,,,0.0,,,,,,,,,
RING110,,False,,NONE,no_match,0.0,0,0.0,0.0,0.0,,[],,,,,0.0,,,,,,,,,
RING111,397.0,True,,NONE,no_match,0.0,0,0.0,0.0,0.0,,[],,,,,0.0,,,,,,,,,
RING112,406.0,True,,NONE,no_match,0.0,0,0.0,0.0,0.0,,[],,,,,0.0,,,,,,,,,
RING113,403.0,True,,NONE,no_match,0.0,0,0.0,0.0,0.0,,[],,,,,0.0,,,,,,,,,
RING114,417.0,True,,NONE,no_match,0.0,0,0.0,0.0,0.0,,[],,,,,0.0,,,,,,,,,
RING115,,False,,NONE,no_match,0.0,0,0.0,0.0,0.0,,[],,,,,0.0,,,,,,,,,
RING116,418.0,True,,NONE,no_match,0.0,0,0.0,0.0,0.0,,[],,,,,0.0,,,,,,,,,
RING117,,False,,NONE,no_match,0.0,0,0.0,0.0,0.0,,[],,,,,0.0,,,,,,,,,
RING118,,False,,NONE,no_match,0.0,0,0.0,0.0,0.0,,[],,,,,0.0,,,,,,,,,
RING119,,False,,NONE,no_match,0.0,0,0.0,0.0,0.0,,[],,,,,0.0,,,,,,,,,
RING120,469.0,True,,NONE,no_match,0.0,0,0.0,0.0,0.0,,[],,,,,0.0,,,,,,,,,
RING121,,False,,NONE,no_match,0.0,0,0.0,0.0,0.0,,[],,,,,0.0,,,,,,,,,
RING122,,False,15,STRONG,2_shared_accounts_plus_temporal_overlap,0.25,2,0.25,0.1111111111111111,0.08333333333333333,fan_in,"['280', '7808']",2018-04-21 00:00:00+00:00,2018-04-29 00:00:00+00:00,2017-01-01 00:00:00+00:00,2018-07-25 00:00:00+00:00,8.0,0.0,8.0,570.0,0.0,,,570.0,,
RING123,491.0,True,,NONE,no_match,0.0,0,0.0,0.0,0.0,,[],,,,,0.0,,,,,,,,,
RING124,487.0,True,,NONE,no_match,0.0,0,0.0,0.0,0.0,,[],,,,,0.0,,,,,,,,,
RING125,,False,,NONE,no_match,0.0,0,0.0,0.0,0.0,,[],,,,,0.0,,,,,,,,,
RING126,553.0,True,,NONE,no_match,0.0,0,0.0,0.0,0.0,,[],,,,,0.0,,,,,,,,,
RING127,566.0,True,,NONE,no_match,0.0,0,0.0,0.0,0.0,,[],,,,,0.0,,,,,,,,,
RING128,562.0,True,,NONE,no_match,0.0,0,0.0,0.0,0.0,,[],,,,,0.0,,,,,,,,,
RING129,592.0,True,,NONE,no_match,0.0,0,0.0,0.0,0.0,,[],,,,,0.0,,,,,,,,,
RING130,596.0,True,,NONE,no_match,0.0,0,0.0,0.0,0.0,,[],,,,,0.0,,,,,,,,,
RING131,610.0,True,,NONE,no_match,0.0,0,0.0,0.0,0.0,,[],,,,,0.0,,,,,,,,,
RING132,596.0,True,,NONE,no_match,0.0,0,0.0,0.0,0.0,,[],,,,,0.0,,,,,,,,,
RING133,,False,,NONE,no_match,0.0,0,0.0,0.0,0.0,,[],,,,,0.0,,,,,,,,,
RING134,,False,,NONE,no_match,0.0,0,0.0,0.0,0.0,,[],,,,,0.0,,,,,,,,,
RING135,612.0,True,,NONE,no_match,0.0,0,0.0,0.0,0.0,,[],,,,,0.0,,,,,,,,,
RING136,616.0,True,,NONE,no_match,0.0,0,0.0,0.0,0.0,,[],,,,,0.0,,,,,,,,,
RING137,656.0,True,,NONE,no_match,0.0,0,0.0,0.0,0.0,,[],,,,,0.0,,,,,,,,,
RING138,667.0,True,,NONE,no_match,0.0,0,0.0,0.0,0.0,,[],,,,,0.0,,,,,,,,,
RING139,666.0,True,,NONE,no_match,0.0,0,0.0,0.0,0.0,,[],,,,,0.0,,,,,,,,,
RING140,677.0,True,,NONE,no_match,0.0,0,0.0,0.0,0.0,,[],,,,,0.0,,,,,,,,,
RING141,694.0,True,,NONE,no_match,0.0,0,0.0,0.0,0.0,,[],,,,,0.0,,,,,,,,,
RING142,707.0,True,,NONE,no_match,0.0,0,0.0,0.0,0.0,,[],,,,,0.0,,,,,,,,,
