candidate_ring_id,n_accounts,n_transactions,patterns,formation_stage,formation_stage_is_provisional,risk_score,time_span_start,time_span_end
RING001,14,16,"circular_flow,fan_in,layering,rapid_pass_through",OBSERVABLE_RING,True,Not yet evaluated,2017-01-01T00:00:00+00:00,2017-01-09T00:00:00+00:00
RING002,12,17,"circular_flow,fan_in,rapid_pass_through",OBSERVABLE_RING,True,Not yet evaluated,2017-01-02T00:00:00+00:00,2017-01-12T00:00:00+00:00
RING003,9,11,"fan_in,layering",FORMING,True,Not yet evaluated,2017-01-03T00:00:00+00:00,2017-01-10T00:00:00+00:00
RING004,26,35,"circular_flow,fan_in,rapid_pass_through",OBSERVABLE_RING,True,Not yet evaluated,2017-01-03T00:00:00+00:00,2017-01-12T00:00:00+00:00
RING005,14,15,"fan_in,rapid_pass_through,repeated_intermediary",EMERGING,True,Not yet evaluated,2017-01-13T00:00:00+00:00,2017-01-20T00:00:00+00:00
RING006,28,33,"fan_in,layering",FORMING,True,Not yet evaluated,2017-01-14T00:00:00+00:00,2017-01-23T00:00:00+00:00
RING007,9,14,"circular_flow,fan_in,rapid_pass_through",OBSERVABLE_RING,True,Not yet evaluated,2017-01-17T00:00:00+00:00,2017-01-27T00:00:00+00:00
RING008,22,32,"fan_in,layering",FORMING,True,Not yet evaluated,2017-01-18T00:00:00+00:00,2017-01-28T00:00:00+00:00
RING009,10,12,"circular_flow,fan_in,rapid_pass_through",OBSERVABLE_RING,True,Not yet evaluated,2017-01-23T00:00:00+00:00,2017-01-28T00:00:00+00:00
RING010,12,13,"fan_in,layering",FORMING,True,Not yet evaluated,2017-01-27T00:00:00+00:00,2017-02-04T00:00:00+00:00
RING011,8,9,"circular_flow,fan_in,rapid_pass_through",OBSERVABLE_RING,True,Not yet evaluated,2017-01-27T00:00:00+00:00,2017-02-03T00:00:00+00:00
RING012,29,43,"fan_in,rapid_pass_through,repeated_intermediary",EMERGING,True,Not yet evaluated,2017-01-31T00:00:00+00:00,2017-02-09T00:00:00+00:00
RING013,9,9,"fan_in,rapid_pass_through,repeated_intermediary",EMERGING,True,Not yet evaluated,2017-02-17T00:00:00+00:00,2017-02-17T00:00:00+00:00
RING014,7,8,"circular_flow,fan_in",FORMING,True,Not yet evaluated,2017-02-04T00:00:00+00:00,2017-02-09T00:00:00+00:00
RING015,17,27,"circular_flow,fan_in",FORMING,True,Not yet evaluated,2017-02-12T00:00:00+00:00,2017-02-19T00:00:00+00:00
RING016,10,13,"fan_in,layering,rapid_pass_through",EMERGING,True,Not yet evaluated,2017-02-13T00:00:00+00:00,2017-02-22T00:00:00+00:00
RING017,17,23,"circular_flow,fan_in",FORMING,True,Not yet evaluated,2017-02-15T00:00:00+00:00,2017-02-25T00:00:00+00:00
RING018,10,13,"circular_flow,fan_in",FORMING,True,Not yet evaluated,2017-02-19T00:00:00+00:00,2017-02-26T00:00:00+00:00
RING019,8,11,"circular_flow,fan_in,rapid_pass_through",OBSERVABLE_RING,True,Not yet evaluated,2017-02-19T00:00:00+00:00,2017-02-24T00:00:00+00:00
RING020,11,11,"fan_in,rapid_pass_through,repeated_intermediary",EMERGING,True,Not yet evaluated,2017-02-24T00:00:00+00:00,2017-03-04T00:00:00+00:00
RING021,9,12,"circular_flow,fan_in",FORMING,True,Not yet evaluated,2017-02-25T00:00:00+00:00,2017-03-04T00:00:00+00:00
RING022,15,18,"circular_flow,fan_in,rapid_pass_through",OBSERVABLE_RING,True,Not yet evaluated,2017-02-26T00:00:00+00:00,2017-03-04T00:00:00+00:00
RING023,10,9,"fan_in,rapid_pass_through,repeated_intermediary",EMERGING,True,Not yet evaluated,2017-02-28T00:00:00+00:00,2017-03-10T00:00:00+00:00
RING024,10,14,"circular_flow,fan_in,rapid_pass_through",OBSERVABLE_RING,True,Not yet evaluated,2017-03-04T00:00:00+00:00,2017-03-11T00:00:00+00:00
RING025,11,12,"circular_flow,fan_in",FORMING,True,Not yet evaluated,2017-03-12T00:00:00+00:00,2017-03-15T00:00:00+00:00
RING026,10,13,"circular_flow,fan_in",FORMING,True,Not yet evaluated,2017-03-13T00:00:00+00:00,2017-03-23T00:00:00+00:00
RING027,10,10,"fan_in,rapid_pass_through,repeated_intermediary",EMERGING,True,Not yet evaluated,2017-03-14T00:00:00+00:00,2017-03-21T00:00:00+00:00
RING028,13,15,"fan_in,rapid_pass_through,repeated_intermediary",EMERGING,True,Not yet evaluated,2017-03-24T00:00:00+00:00,2017-04-03T00:00:00+00:00
RING029,27,38,"fan_in,layering,rapid_pass_through,repeated_intermediary",EMERGING,True,Not yet evaluated,2017-03-25T00:00:00+00:00,2017-04-04T00:00:00+00:00
RING030,15,20,"fan_in,rapid_pass_through,split_merge",EMERGING,True,Not yet evaluated,2017-03-29T00:00:00+00:00,2017-04-07T00:00:00+00:00
RING031,17,25,"fan_in,rapid_pass_through,split_merge",EMERGING,True,Not yet evaluated,2017-03-31T00:00:00+00:00,2017-04-08T00:00:00+00:00
RING032,9,13,"circular_flow,fan_in",FORMING,True,Not yet evaluated,2017-03-31T00:00:00+00:00,2017-04-07T00:00:00+00:00
RING033,16,21,"fan_in,layering,rapid_pass_through",EMERGING,True,Not yet evaluated,2017-04-01T00:00:00+00:00,2017-04-08T00:00:00+00:00
RING034,11,16,"circular_flow,fan_in,rapid_pass_through",OBSERVABLE_RING,True,Not yet evaluated,2017-04-02T00:00:00+00:00,2017-04-11T00:00:00+00:00
RING035,10,13,"fan_in,split_merge",FORMING,True,Not yet evaluated,2017-04-03T00:00:00+00:00,2017-04-10T00:00:00+00:00
RING036,15,17,"fan_in,rapid_pass_through,repeated_intermediary",EMERGING,True,Not yet evaluated,2017-04-06T00:00:00+00:00,2017-04-16T00:00:00+00:00
RING037,31,38,"fan_in,layering,rapid_pass_through",EMERGING,True,Not yet evaluated,2017-04-09T00:00:00+00:00,2017-04-19T00:00:00+00:00
RING038,10,9,"layering,rapid_pass_through,repeated_intermediary",EMERGING,True,Not yet evaluated,2017-04-09T00:00:00+00:00,2017-04-18T00:00:00+00:00
RING039,8,10,"circular_flow,fan_in",FORMING,True,Not yet evaluated,2017-04-10T00:00:00+00:00,2017-04-17T00:00:00+00:00
RING040,20,27,"fan_in,rapid_pass_through,repeated_intermediary",EMERGING,True,Not yet evaluated,2017-04-11T00:00:00+00:00,2017-04-19T00:00:00+00:00
RING041,24,33,"fan_in,layering,rapid_pass_through",EMERGING,True,Not yet evaluated,2017-04-11T00:00:00+00:00,2017-04-21T00:00:00+00:00
RING042,32,43,"fan_in,layering,rapid_pass_through",EMERGING,True,Not yet evaluated,2017-04-13T00:00:00+00:00,2017-04-22T00:00:00+00:00
RING043,17,24,"circular_flow,fan_in",FORMING,True,Not yet evaluated,2017-04-16T00:00:00+00:00,2017-04-25T00:00:00+00:00
RING044,10,12,"fan_in,split_merge",FORMING,True,Not yet evaluated,2017-04-17T00:00:00+00:00,2017-04-25T00:00:00+00:00
RING045,11,12,"fan_in,layering",FORMING,True,Not yet evaluated,2017-04-19T00:00:00+00:00,2017-04-28T00:00:00+00:00
RING046,12,17,"circular_flow,fan_in",FORMING,True,Not yet evaluated,2017-04-23T00:00:00+00:00,2017-04-30T00:00:00+00:00
RING047,12,18,"fan_in,layering,rapid_pass_through",EMERGING,True,Not yet evaluated,2017-04-23T00:00:00+00:00,2017-05-01T00:00:00+00:00
RING048,11,11,"fan_in,rapid_pass_through,repeated_intermediary",EMERGING,True,Not yet evaluated,2017-04-24T00:00:00+00:00,2017-05-04T00:00:00+00:00
RING049,34,47,"fan_in,layering,rapid_pass_through",EMERGING,True,Not yet evaluated,2017-05-02T00:00:00+00:00,2017-05-12T00:00:00+00:00
RING050,13,17,"fan_in,layering,rapid_pass_through",EMERGING,True,Not yet evaluated,2017-05-04T00:00:00+00:00,2017-05-12T00:00:00+00:00
RING051,10,11,"circular_flow,fan_in,layering,rapid_pass_through",OBSERVABLE_RING,True,Not yet evaluated,2017-05-07T00:00:00+00:00,2017-05-16T00:00:00+00:00
RING052,24,33,"circular_flow,fan_in,rapid_pass_through",OBSERVABLE_RING,True,Not yet evaluated,2017-05-08T00:00:00+00:00,2017-05-16T00:00:00+00:00
RING053,10,10,"fan_in,layering,rapid_pass_through",EMERGING,True,Not yet evaluated,2017-05-11T00:00:00+00:00,2017-05-20T00:00:00+00:00
RING054,8,13,"circular_flow,fan_in,rapid_pass_through",OBSERVABLE_RING,True,Not yet evaluated,2017-05-15T00:00:00+00:00,2017-05-25T00:00:00+00:00
RING055,9,11,"circular_flow,fan_in",FORMING,True,Not yet evaluated,2017-05-23T00:00:00+00:00,2017-05-30T00:00:00+00:00
RING056,7,7,"circular_flow,fan_in,rapid_pass_through",OBSERVABLE_RING,True,Not yet evaluated,2017-05-26T00:00:00+00:00,2017-06-02T00:00:00+00:00
RING057,8,13,"fan_in,split_merge",FORMING,True,Not yet evaluated,2017-05-30T00:00:00+00:00,2017-06-08T00:00:00+00:00
RING058,37,46,"fan_in,rapid_pass_through,split_merge",EMERGING,True,Not yet evaluated,2017-06-04T00:00:00+00:00,2017-06-13T00:00:00+00:00
RING059,13,18,"fan_in,rapid_pass_through,split_merge",EMERGING,True,Not yet evaluated,2017-06-06T00:00:00+00:00,2017-06-15T00:00:00+00:00
RING060,16,21,"circular_flow,fan_in,rapid_pass_through,repeated_intermediary",OBSERVABLE_RING,True,Not yet evaluated,2017-06-06T00:00:00+00:00,2017-06-15T00:00:00+00:00
RING061,8,9,"circular_flow,fan_in",FORMING,True,Not yet evaluated,2017-06-08T00:00:00+00:00,2017-06-14T00:00:00+00:00
RING062,10,13,"circular_flow,fan_in",FORMING,True,Not yet evaluated,2017-06-14T00:00:00+00:00,2017-06-21T00:00:00+00:00
RING063,14,16,"fan_in,rapid_pass_through,split_merge",EMERGING,True,Not yet evaluated,2017-06-23T00:00:00+00:00,2017-06-30T00:00:00+00:00
RING064,30,42,"circular_flow,fan_in",FORMING,True,Not yet evaluated,2017-06-28T00:00:00+00:00,2017-07-08T00:00:00+00:00
RING065,18,30,"circular_flow,fan_in,rapid_pass_through",OBSERVABLE_RING,True,Not yet evaluated,2017-06-28T00:00:00+00:00,2017-07-08T00:00:00+00:00
RING066,34,41,"fan_in,layering,rapid_pass_through",EMERGING,True,Not yet evaluated,2017-06-29T00:00:00+00:00,2017-07-09T00:00:00+00:00
RING067,12,14,"fan_in,layering,rapid_pass_through",EMERGING,True,Not yet evaluated,2017-06-29T00:00:00+00:00,2017-07-06T00:00:00+00:00
RING068,15,20,"fan_in,layering,rapid_pass_through",EMERGING,True,Not yet evaluated,2017-07-01T00:00:00+00:00,2017-07-11T00:00:00+00:00
RING069,20,24,"circular_flow,fan_in",FORMING,True,Not yet evaluated,2017-07-09T00:00:00+00:00,2017-07-17T00:00:00+00:00
RING070,8,8,"circular_flow,fan_in",FORMING,True,Not yet evaluated,2017-07-28T00:00:00+00:00,2017-07-28T00:00:00+00:00
RING071,13,13,"fan_in,layering,rapid_pass_through",EMERGING,True,Not yet evaluated,2017-07-15T00:00:00+00:00,2017-07-23T00:00:00+00:00
RING072,7,7,"fan_in,layering",FORMING,True,Not yet evaluated,2017-07-18T00:00:00+00:00,2017-07-18T00:00:00+00:00
RING073,8,12,"circular_flow,fan_in,rapid_pass_through",OBSERVABLE_RING,True,Not yet evaluated,2017-07-19T00:00:00+00:00,2017-07-26T00:00:00+00:00
RING074,12,13,"fan_in,layering,rapid_pass_through",EMERGING,True,Not yet evaluated,2017-07-21T00:00:00+00:00,2017-07-28T00:00:00+00:00
RING075,7,11,"circular_flow,fan_in",FORMING,True,Not yet evaluated,2017-07-23T00:00:00+00:00,2017-07-30T00:00:00+00:00
RING076,8,11,"fan_in,split_merge",FORMING,True,Not yet evaluated,2017-07-28T00:00:00+00:00,2017-08-04T00:00:00+00:00
RING077,13,16,"fan_in,split_merge",FORMING,True,Not yet evaluated,2017-08-06T00:00:00+00:00,2017-08-15T00:00:00+00:00
RING078,17,26,"fan_in,split_merge",FORMING,True,Not yet evaluated,2017-08-15T00:00:00+00:00,2017-08-24T00:00:00+00:00
RING079,12,14,"fan_in,rapid_pass_through,split_merge",EMERGING,True,Not yet evaluated,2017-08-20T00:00:00+00:00,2017-08-26T00:00:00+00:00
RING080,14,20,"fan_in,layering",FORMING,True,Not yet evaluated,2017-08-22T00:00:00+00:00,2017-08-30T00:00:00+00:00
RING081,17,20,"fan_in,layering,rapid_pass_through",EMERGING,True,Not yet evaluated,2017-08-23T00:00:00+00:00,2017-09-02T00:00:00+00:00
RING082,16,18,"circular_flow,fan_in,layering",OBSERVABLE_RING,True,Not yet evaluated,2017-08-24T00:00:00+00:00,2017-09-02T00:00:00+00:00
RING083,9,12,"circular_flow,fan_in,layering",OBSERVABLE_RING,True,Not yet evaluated,2017-08-28T00:00:00+00:00,2017-09-07T00:00:00+00:00
RING084,9,11,"circular_flow,fan_in",FORMING,True,Not yet evaluated,2017-08-29T00:00:00+00:00,2017-09-05T00:00:00+00:00
RING085,20,22,"fan_in,rapid_pass_through,repeated_intermediary",EMERGING,True,Not yet evaluated,2017-09-12T00:00:00+00:00,2017-09-21T00:00:00+00:00
RING086,10,11,"circular_flow,fan_in,rapid_pass_through",OBSERVABLE_RING,True,Not yet evaluated,2017-09-16T00:00:00+00:00,2017-09-23T00:00:00+00:00
RING087,9,11,"circular_flow,fan_in,rapid_pass_through",OBSERVABLE_RING,True,Not yet evaluated,2017-09-17T00:00:00+00:00,2017-09-24T00:00:00+00:00
RING088,8,9,"fan_in,rapid_pass_through,split_merge",EMERGING,True,Not yet evaluated,2017-09-26T00:00:00+00:00,2017-10-03T00:00:00+00:00
RING089,11,12,"fan_in,layering,rapid_pass_through",EMERGING,True,Not yet evaluated,2017-10-07T00:00:00+00:00,2017-10-16T00:00:00+00:00
RING090,13,15,"fan_in,layering,rapid_pass_through",EMERGING,True,Not yet evaluated,2017-10-08T00:00:00+00:00,2017-10-17T00:00:00+00:00
RING091,16,17,"circular_flow,fan_in,rapid_pass_through",OBSERVABLE_RING,True,Not yet evaluated,2017-10-10T00:00:00+00:00,2017-10-16T00:00:00+00:00
RING092,30,43,"fan_in,layering,rapid_pass_through",EMERGING,True,Not yet evaluated,2017-10-17T00:00:00+00:00,2017-10-27T00:00:00+00:00
RING093,7,6,"fan_in,layering",FORMING,True,Not yet evaluated,2017-10-29T00:00:00+00:00,2017-10-30T00:00:00+00:00
RING094,21,27,"circular_flow,fan_in,rapid_pass_through",OBSERVABLE_RING,True,Not yet evaluated,2017-10-30T00:00:00+00:00,2017-11-09T00:00:00+00:00
RING095,10,14,"circular_flow,fan_in",FORMING,True,Not yet evaluated,2017-11-03T00:00:00+00:00,2017-11-10T00:00:00+00:00
RING096,15,19,"circular_flow,fan_in,rapid_pass_through",OBSERVABLE_RING,True,Not yet evaluated,2017-11-14T00:00:00+00:00,2017-11-23T00:00:00+00:00
RING097,10,13,"circular_flow,fan_in",FORMING,True,Not yet evaluated,2017-11-22T00:00:00+00:00,2017-11-29T00:00:00+00:00
RING098,27,33,"circular_flow,fan_in,layering,rapid_pass_through",OBSERVABLE_RING,True,Not yet evaluated,2017-11-23T00:00:00+00:00,2017-12-03T00:00:00+00:00
RING099,8,8,"fan_in,layering",FORMING,True,Not yet evaluated,2017-11-27T00:00:00+00:00,2017-11-29T00:00:00+00:00
RING100,9,12,"circular_flow,fan_in",FORMING,True,Not yet evaluated,2017-12-02T00:00:00+00:00,2017-12-09T00:00:00+00:00
RING101,16,18,"fan_in,rapid_pass_through,repeated_intermediary",EMERGING,True,Not yet evaluated,2017-12-03T00:00:00+00:00,2017-12-12T00:00:00+00:00
RING102,8,8,"circular_flow,fan_in,rapid_pass_through",OBSERVABLE_RING,True,Not yet evaluated,2017-12-18T00:00:00+00:00,2017-12-25T00:00:00+00:00
RING103,7,11,"circular_flow,fan_in",FORMING,True,Not yet evaluated,2017-12-21T00:00:00+00:00,2017-12-28T00:00:00+00:00
RING104,9,10,"fan_in,layering,rapid_pass_through",EMERGING,True,Not yet evaluated,2018-01-08T00:00:00+00:00,2018-01-17T00:00:00+00:00
RING105,8,10,"circular_flow,fan_in",FORMING,True,Not yet evaluated,2018-01-11T00:00:00+00:00,2018-01-18T00:00:00+00:00
RING106,13,14,"circular_flow,fan_in,rapid_pass_through",OBSERVABLE_RING,True,Not yet evaluated,2018-01-16T00:00:00+00:00,2018-01-26T00:00:00+00:00
RING107,7,8,"circular_flow,fan_in",FORMING,True,Not yet evaluated,2018-01-20T00:00:00+00:00,2018-01-24T00:00:00+00:00
RING108,16,18,"fan_in,layering",FORMING,True,Not yet evaluated,2018-01-23T00:00:00+00:00,2018-01-31T00:00:00+00:00
RING109,8,13,"circular_flow,fan_in",FORMING,True,Not yet evaluated,2018-01-23T00:00:00+00:00,2018-01-30T00:00:00+00:00
RING110,22,32,"fan_in,layering,rapid_pass_through,repeated_intermediary",EMERGING,True,Not yet evaluated,2018-02-04T00:00:00+00:00,2018-02-13T00:00:00+00:00
RING111,10,9,"fan_in,layering,rapid_pass_through",EMERGING,True,Not yet evaluated,2018-01-31T00:00:00+00:00,2018-02-02T00:00:00+00:00
RING112,8,8,"circular_flow,fan_in",FORMING,True,Not yet evaluated,2018-02-05T00:00:00+00:00,2018-02-11T00:00:00+00:00
RING113,9,8,"fan_in,layering,rapid_pass_through",EMERGING,True,Not yet evaluated,2018-02-06T00:00:00+00:00,2018-02-07T00:00:00+00:00
RING114,9,8,"fan_in,layering,rapid_pass_through",EMERGING,True,Not yet evaluated,2018-02-20T00:00:00+00:00,2018-02-21T00:00:00+00:00
RING115,14,16,"fan_in,layering,rapid_pass_through",EMERGING,True,Not yet evaluated,2018-02-20T00:00:00+00:00,2018-02-28T00:00:00+00:00
RING116,11,12,"fan_in,layering,rapid_pass_through",EMERGING,True,Not yet evaluated,2018-02-22T00:00:00+00:00,2018-03-02T00:00:00+00:00
RING117,16,21,"fan_in,layering,rapid_pass_through",EMERGING,True,Not yet evaluated,2018-02-25T00:00:00+00:00,2018-03-04T00:00:00+00:00
RING118,14,18,"fan_in,layering",FORMING,True,Not yet evaluated,2018-03-10T00:00:00+00:00,2018-03-18T00:00:00+00:00
RING119,18,20,"fan_in,layering,rapid_pass_through",EMERGING,True,Not yet evaluated,2018-03-11T00:00:00+00:00,2018-03-20T00:00:00+00:00
RING120,9,13,"circular_flow,fan_in",FORMING,True,Not yet evaluated,2018-04-08T00:00:00+00:00,2018-04-15T00:00:00+00:00
RING121,13,13,"fan_in,layering,rapid_pass_through",EMERGING,True,Not yet evaluated,2018-04-20T00:00:00+00:00,2018-04-28T00:00:00+00:00
RING122,18,23,"fan_in,layering,rapid_pass_through",EMERGING,True,Not yet evaluated,2018-04-21T00:00:00+00:00,2018-04-29T00:00:00+00:00
RING123,8,11,"circular_flow,fan_in",FORMING,True,Not yet evaluated,2018-04-30T00:00:00+00:00,2018-05-07T00:00:00+00:00
RING124,8,8,"circular_flow,fan_in,rapid_pass_through",OBSERVABLE_RING,True,Not yet evaluated,2018-04-30T00:00:00+00:00,2018-05-05T00:00:00+00:00
RING125,17,18,"circular_flow,fan_in,rapid_pass_through",OBSERVABLE_RING,True,Not yet evaluated,2018-06-01T00:00:00+00:00,2018-06-07T00:00:00+00:00
RING126,8,10,"circular_flow,fan_in",FORMING,True,Not yet evaluated,2018-07-01T00:00:00+00:00,2018-07-08T00:00:00+00:00
RING127,14,15,"fan_in,layering,rapid_pass_through",EMERGING,True,Not yet evaluated,2018-07-10T00:00:00+00:00,2018-07-20T00:00:00+00:00
RING128,10,9,"fan_in,layering,rapid_pass_through",EMERGING,True,Not yet evaluated,2018-07-15T00:00:00+00:00,2018-07-15T00:00:00+00:00
RING129,14,14,"fan_in,layering,rapid_pass_through",EMERGING,True,Not yet evaluated,2018-08-07T00:00:00+00:00,2018-08-16T00:00:00+00:00
RING130,12,13,"fan_in,layering,rapid_pass_through",EMERGING,True,Not yet evaluated,2018-08-17T00:00:00+00:00,2018-08-27T00:00:00+00:00
RING131,11,12,"fan_in,layering,rapid_pass_through",EMERGING,True,Not yet evaluated,2018-08-31T00:00:00+00:00,2018-09-05T00:00:00+00:00
RING132,9,9,"layering,rapid_pass_through,repeated_intermediary",EMERGING,True,Not yet evaluated,2018-08-19T00:00:00+00:00,2018-08-29T00:00:00+00:00
RING133,21,25,"fan_in,layering,rapid_pass_through",EMERGING,True,Not yet evaluated,2018-08-26T00:00:00+00:00,2018-09-04T00:00:00+00:00
RING134,12,15,"circular_flow,fan_in",FORMING,True,Not yet evaluated,2018-09-02T00:00:00+00:00,2018-09-09T00:00:00+00:00
RING135,11,14,"circular_flow,fan_in,rapid_pass_through",OBSERVABLE_RING,True,Not yet evaluated,2018-09-03T00:00:00+00:00,2018-09-12T00:00:00+00:00
RING136,11,13,"fan_in,layering,rapid_pass_through",EMERGING,True,Not yet evaluated,2018-09-07T00:00:00+00:00,2018-09-14T00:00:00+00:00
RING137,10,10,"fan_in,layering,rapid_pass_through",EMERGING,True,Not yet evaluated,2018-10-12T00:00:00+00:00,2018-10-20T00:00:00+00:00
RING138,9,9,"fan_in,layering,rapid_pass_through",EMERGING,True,Not yet evaluated,2018-10-22T00:00:00+00:00,2018-10-29T00:00:00+00:00
RING139,7,6,"fan_in,layering",FORMING,True,Not yet evaluated,2018-10-27T00:00:00+00:00,2018-10-29T00:00:00+00:00
RING140,8,7,"fan_in,layering,rapid_pass_through",EMERGING,True,Not yet evaluated,2018-11-08T00:00:00+00:00,2018-11-09T00:00:00+00:00
RING141,10,11,"circular_flow,fan_in,rapid_pass_through",OBSERVABLE_RING,True,Not yet evaluated,2018-11-20T00:00:00+00:00,2018-11-25T00:00:00+00:00
RING142,9,9,"fan_in,layering,rapid_pass_through",EMERGING,True,Not yet evaluated,2018-12-01T00:00:00+00:00,2018-12-09T00:00:00+00:00
