candidate_ring_id,risk_score,risk_level,top_factor,behavioural,network,fund_flow,persistence
RING056,67.13,HIGH,Mean model probability 92.5% across 6 accounts (highest: 105 at 97.7%),92.54,97.89,37.5,28.93
RING132,67.06,HIGH,Mean model probability 91.7% across 6 accounts (highest: 18 at 95.7%),91.73,89.44,37.5,38.45
RING011,65.82,HIGH,Mean model probability 87.0% across 6 accounts (highest: 2641 at 96.2%),87.0,97.89,37.5,32.07
RING007,65.3,HIGH,Mean model probability 92.1% across 8 accounts (highest: 647 at 98.8%),92.13,88.73,37.5,29.66
RING088,65.29,HIGH,Mean model probability 91.4% across 6 accounts (highest: 7 at 98.6%),91.43,97.89,29.17,32.07
RING054,63.98,HIGH,Mean model probability 86.6% across 7 accounts (highest: 38 at 98.1%),86.57,89.44,37.5,32.07
RING124,63.97,HIGH,Mean model probability 89.8% across 7 accounts (highest: 37 at 98.9%),89.8,89.44,37.5,26.38
RING107,62.69,HIGH,Mean model probability 87.7% across 7 accounts (highest: 2732 at 95.8%),87.66,89.44,33.33,28.93
RING038,62.18,HIGH,Mean model probability 79.2% across 6 accounts (highest: 33 at 99.1%),79.17,89.44,37.5,36.04
RING086,61.88,HIGH,Mean model probability 92.8% across 8 accounts (highest: 9 at 98.6%),92.78,72.54,37.5,27.6
RING014,61.54,HIGH,Mean model probability 88.5% across 7 accounts (highest: 37 at 98.9%),88.52,89.44,33.33,21.67
RING020,61.33,HIGH,Mean model probability 93.6% across 7 accounts (highest: 15 at 99.6%),93.56,72.54,29.17,33.93
RING073,61.17,HIGH,Mean model probability 75.8% across 7 accounts (highest: 15 at 99.6%),75.77,89.44,37.5,36.96
RING103,60.92,HIGH,Mean model probability 82.6% across 7 accounts (highest: 38 at 98.1%),82.6,89.44,33.33,28.93
RING051,60.89,HIGH,Mean model probability 84.8% across 9 accounts (highest: 7 at 98.6%),84.76,56.34,54.17,32.07
RING105,60.77,HIGH,Mean model probability 93.3% across 8 accounts (highest: 39 at 99.1%),93.31,72.54,33.33,26.38
RING013,60.74,HIGH,Mean model probability 87.7% across 6 accounts (highest: 15 at 99.6%),87.74,89.44,29.17,24.26
RING102,60.58,HIGH,Mean model probability 80.1% across 7 accounts (highest: 10 at 98.0%),80.12,89.44,37.5,26.38
RING075,60.1,HIGH,Mean model probability 80.3% across 7 accounts (highest: 49 at 98.1%),80.27,89.44,33.33,28.93
RING019,59.89,HIGH,Mean model probability 74.9% across 7 accounts (highest: 30 at 98.5%),74.89,89.44,37.5,32.07
RING083,59.29,HIGH,Mean model probability 84.6% across 9 accounts (highest: 11 at 94.5%),84.55,56.34,50.0,29.66
RING023,58.91,HIGH,Mean model probability 87.7% across 7 accounts (highest: 29 at 99.3%),87.7,72.54,29.17,32.07
RING123,58.78,HIGH,Mean model probability 87.6% across 8 accounts (highest: 339 at 94.2%),87.62,72.54,33.33,26.38
RING024,58.68,HIGH,Mean model probability 90.4% across 9 accounts (highest: 2742 at 97.2%),90.36,56.34,37.5,32.07
RING039,58.6,HIGH,Mean model probability 87.1% across 8 accounts (highest: 29 at 99.3%),87.09,72.54,33.33,26.38
RING070,58.01,HIGH,Mean model probability 89.3% across 8 accounts (highest: 98 at 98.4%),89.28,72.54,33.33,19.59
RING116,57.95,HIGH,Mean model probability 91.2% across 8 accounts (highest: 32 at 99.0%),91.19,56.34,29.17,37.37
RING067,57.85,HIGH,Mean model probability 93.9% across 8 accounts (highest: 38 at 98.1%),93.93,56.34,29.17,32.07
RING009,57.7,HIGH,Mean model probability 90.1% across 9 accounts (highest: 6 at 99.1%),90.11,56.34,37.5,27.6
RING055,57.5,HIGH,Mean model probability 91.3% across 9 accounts (highest: 8 at 99.0%),91.33,56.34,33.33,29.66
RING093,57.15,HIGH,Mean model probability 91.6% across 7 accounts (highest: 7 at 98.6%),91.59,72.54,25.0,21.67
RING053,57.09,HIGH,Mean model probability 82.5% across 7 accounts (highest: 36 at 95.9%),82.51,72.54,29.17,32.07
RING087,57.04,HIGH,Mean model probability 77.8% across 8 accounts (highest: 33 at 99.1%),77.78,72.54,37.5,29.66
RING137,56.78,HIGH,Mean model probability 81.6% across 7 accounts (highest: 6 at 99.1%),81.61,72.54,29.17,32.07
RING112,56.78,HIGH,Mean model probability 85.8% across 8 accounts (highest: 42 at 98.3%),85.77,72.54,33.33,19.59
RING142,56.66,HIGH,Mean model probability 82.7% across 7 accounts (highest: 172 at 94.6%),82.65,72.54,29.17,29.66
RING131,56.6,HIGH,Mean model probability 91.5% across 8 accounts (highest: 33 at 99.1%),91.47,56.34,29.17,30.11
RING140,56.42,HIGH,Mean model probability 83.8% across 7 accounts (highest: 9 at 98.6%),83.84,72.54,29.17,26.38
RING026,56.35,HIGH,Mean model probability 80.4% across 10 accounts (highest: 6 at 99.1%),80.37,71.83,33.33,27.6
RING139,56.3,HIGH,Mean model probability 89.2% across 7 accounts (highest: 6 at 99.1%),89.16,72.54,25.0,21.67
RING111,56.16,HIGH,Mean model probability 91.7% across 8 accounts (highest: 134 at 95.8%),91.65,56.34,29.17,27.6
RING048,55.83,HIGH,Mean model probability 87.1% across 8 accounts (highest: 8 at 99.0%),87.09,56.34,29.17,33.93
RING100,55.8,HIGH,Mean model probability 89.6% across 9 accounts (highest: 30 at 98.5%),89.57,56.34,33.33,24.26
RING027,55.72,HIGH,Mean model probability 78.6% across 7 accounts (highest: 29 at 99.3%),78.6,72.54,29.17,32.07
RING126,55.66,HIGH,Mean model probability 78.7% across 8 accounts (highest: 44 at 98.9%),78.7,72.54,33.33,26.38
RING104,55.45,HIGH,Mean model probability 79.2% across 7 accounts (highest: 48 at 96.1%),79.19,72.54,29.17,29.66
RING057,55.2,HIGH,Mean model probability 83.3% across 8 accounts (highest: 6 at 99.1%),83.34,72.54,25.0,26.38
RING001,54.9,HIGH,Mean model probability 87.1% across 13 accounts (highest: 43 at 99.6%),87.1,28.87,54.17,25.49
RING076,54.78,HIGH,Mean model probability 82.1% across 8 accounts (highest: 33 at 99.1%),82.12,72.54,25.0,26.38
RING061,54.77,HIGH,Mean model probability 80.0% across 8 accounts (highest: 31 at 96.7%),80.04,72.54,33.33,19.59
RING141,54.72,HIGH,Mean model probability 81.6% across 9 accounts (highest: 15 at 99.6%),81.6,56.34,37.5,27.6
RING106,54.49,HIGH,Mean model probability 89.4% across 11 accounts (highest: 15 at 99.6%),89.42,42.25,37.5,26.85
RING113,54.41,HIGH,Mean model probability 88.6% across 8 accounts (highest: 37 at 98.9%),88.57,56.34,29.17,24.26
RING034,54.38,HIGH,Mean model probability 77.0% across 9 accounts (highest: 542 at 97.9%),76.99,56.34,37.5,33.93
RING135,54.3,HIGH,Mean model probability 85.8% across 10 accounts (highest: 17 at 93.9%),85.84,48.59,37.5,25.82
RING002,54.07,HIGH,Mean model probability 87.3% across 11 accounts (highest: 41 at 99.1%),87.34,42.25,37.5,28.38
RING072,53.91,HIGH,Mean model probability 82.4% across 7 accounts (highest: 93 at 98.0%),82.35,72.54,25.0,21.67
RING099,53.9,HIGH,Mean model probability 92.8% across 8 accounts (highest: 9 at 98.6%),92.76,56.34,25.0,19.59
RING114,53.66,HIGH,Mean model probability 86.4% across 8 accounts (highest: 30 at 98.5%),86.42,56.34,29.17,24.26
RING032,53.64,HIGH,Mean model probability 83.4% across 9 accounts (highest: 27 at 94.5%),83.39,56.34,33.33,24.26
RING084,53.46,HIGH,Mean model probability 82.9% across 9 accounts (highest: 15 at 99.6%),82.89,56.34,33.33,24.26
RING028,53.42,HIGH,Mean model probability 90.3% across 10 accounts (highest: 15 at 99.6%),90.27,42.25,29.17,30.42
RING060,53.41,HIGH,Mean model probability 76.3% across 13 accounts (highest: 13 at 98.9%),76.29,28.87,54.17,36.96
RING109,53.28,HIGH,Mean model probability 71.9% across 8 accounts (highest: 242 at 97.2%),71.91,72.54,33.33,26.38
RING095,53.2,HIGH,Mean model probability 87.6% across 10 accounts (highest: 647 at 98.8%),87.58,48.59,33.33,22.46
RING120,53.18,HIGH,Mean model probability 82.1% across 9 accounts (highest: 10 at 98.0%),82.07,56.34,33.33,24.26
RING021,53.05,HIGH,Mean model probability 81.7% across 9 accounts (highest: 32 at 99.0%),81.71,56.34,33.33,24.26
RING136,53.0,HIGH,Mean model probability 85.6% across 9 accounts (highest: 216 at 97.6%),85.61,48.59,29.17,30.11
RING074,52.89,HIGH,Mean model probability 89.9% across 10 accounts (highest: 26 at 99.3%),89.93,42.25,29.17,28.38
RING062,52.81,HIGH,Mean model probability 86.5% across 10 accounts (highest: 628 at 99.1%),86.47,48.59,33.33,22.46
RING129,52.47,HIGH,Mean model probability 92.4% across 11 accounts (highest: 29 at 99.3%),92.42,35.21,29.17,28.93
RING097,52.32,HIGH,Mean model probability 82.1% across 10 accounts (highest: 480 at 98.1%),82.13,48.59,33.33,27.6
RING035,52.24,HIGH,Mean model probability 90.8% across 10 accounts (highest: 39 at 99.1%),90.79,48.59,25.0,22.46
RING130,52.16,HIGH,Mean model probability 87.8% across 10 accounts (highest: 26 at 99.3%),87.84,42.25,29.17,28.38
RING044,51.76,HIGH,Mean model probability 89.4% across 10 accounts (highest: 32 at 99.0%),89.42,48.59,25.0,22.46
RING059,51.71,HIGH,Mean model probability 85.4% across 11 accounts (highest: 376 at 98.1%),85.38,42.25,29.17,30.42
RING138,51.68,HIGH,Mean model probability 80.8% across 8 accounts (highest: 34 at 99.0%),80.77,56.34,29.17,24.26
RING089,51.33,HIGH,Mean model probability 78.9% across 9 accounts (highest: 36 at 95.9%),78.88,56.34,29.17,25.82
RING082,51.21,HIGH,Mean model probability 88.1% across 16 accounts (highest: 13 at 98.9%),88.14,19.72,50.0,19.59
RING022,51.19,HIGH,Mean model probability 91.1% across 14 accounts (highest: 26 at 99.3%),91.13,25.35,37.5,24.26
RING005,50.89,HIGH,Mean model probability 87.9% across 11 accounts (highest: 15 at 99.6%),87.91,35.21,29.17,28.93
RING096,50.86,HIGH,Mean model probability 86.3% across 13 accounts (highest: 46 at 98.0%),86.25,28.87,37.5,27.6
RING025,50.71,HIGH,Mean model probability 85.0% across 11 accounts (highest: 26 at 99.3%),84.98,42.25,33.33,20.92
RING079,50.43,HIGH,Mean model probability 85.2% across 11 accounts (highest: 43 at 99.6%),85.24,42.25,29.17,24.26
RING127,50.33,HIGH,Mean model probability 86.3% across 11 accounts (highest: 43 at 99.6%),86.3,35.21,29.17,28.93
RING016,50.28,HIGH,Mean model probability 79.3% across 9 accounts (highest: 15 at 99.6%),79.28,48.59,29.17,27.6
RING128,50.26,HIGH,Mean model probability 79.2% across 9 accounts (highest: 35 at 99.1%),79.22,48.59,29.17,27.6
RING036,50.16,HIGH,Mean model probability 80.8% across 11 accounts (highest: 15 at 99.6%),80.83,42.25,29.17,30.64
RING063,50.15,HIGH,Mean model probability 84.1% across 12 accounts (highest: 42 at 98.3%),84.14,41.55,29.17,25.49
RING018,49.88,MODERATE,Mean model probability 78.1% across 10 accounts (highest: 13 at 98.9%),78.11,48.59,33.33,22.46
RING003,49.83,MODERATE,Mean model probability 82.9% across 9 accounts (highest: 30 at 98.5%),82.88,48.59,25.0,24.26
RING090,49.74,MODERATE,Mean model probability 89.4% across 12 accounts (highest: 549 at 98.7%),89.45,28.87,29.17,26.85
RING050,49.64,MODERATE,Mean model probability 83.5% across 11 accounts (highest: 198 at 98.7%),83.49,35.21,29.17,30.42
RING046,49.58,MODERATE,Mean model probability 83.9% across 12 accounts (highest: 10 at 98.0%),83.86,35.21,33.33,24.26
RING121,48.75,MODERATE,Mean model probability 88.9% across 12 accounts (highest: 32 at 99.0%),88.87,28.87,29.17,22.89
RING134,48.64,MODERATE,Mean model probability 81.2% across 12 accounts (highest: 240 at 95.7%),81.18,35.21,33.33,24.26
RING098,48.36,MODERATE,Mean model probability 77.6% across 24 accounts (highest: 26 at 99.3%),77.57,7.04,54.17,31.28
RING033,48.34,MODERATE,Mean model probability 89.7% across 14 accounts (highest: 42 at 98.3%),89.72,21.83,29.17,26.38
RING071,48.17,MODERATE,Mean model probability 83.6% across 11 accounts (highest: 2664 at 94.2%),83.59,35.21,29.17,22.89
RING065,48.1,MODERATE,Mean model probability 79.8% across 16 accounts (highest: 35 at 99.1%),79.77,19.72,37.5,34.33
RING091,48.07,MODERATE,Mean model probability 82.8% across 14 accounts (highest: 104 at 95.3%),82.83,25.35,37.5,23.15
RING125,47.88,MODERATE,Mean model probability 84.9% across 15 accounts (highest: 53 at 96.7%),84.9,21.83,37.5,22.14
RING110,47.85,MODERATE,Mean model probability 81.9% across 19 accounts (highest: 15 at 99.6%),81.94,10.56,45.83,28.03
RING030,47.62,MODERATE,Mean model probability 86.9% across 14 accounts (highest: 37 at 98.9%),86.87,25.35,29.17,24.26
RING029,47.33,MODERATE,Mean model probability 83.9% across 25 accounts (highest: 41 at 99.1%),83.94,6.34,45.83,26.15
RING094,47.23,MODERATE,Mean model probability 85.7% across 19 accounts (highest: 376 at 98.1%),85.68,12.68,37.5,26.67
RING017,47.05,MODERATE,Mean model probability 89.1% across 17 accounts (highest: 7 at 98.6%),89.12,15.49,33.33,22.14
RING115,46.8,MODERATE,Mean model probability 81.8% across 12 accounts (highest: 188 at 98.2%),81.82,28.87,29.17,25.49
RING045,46.71,MODERATE,Mean model probability 83.5% across 11 accounts (highest: 8 at 99.0%),83.53,35.21,25.0,20.92
RING068,46.34,MODERATE,Mean model probability 77.6% across 12 accounts (highest: 521 at 98.4%),77.57,28.87,29.17,30.64
RING010,45.79,MODERATE,Mean model probability 85.3% across 12 accounts (highest: 16 at 98.6%),85.28,28.87,25.0,19.59
RING077,45.57,MODERATE,Mean model probability 82.8% across 13 accounts (highest: 32 at 99.0%),82.77,28.87,25.0,22.89
RING041,45.31,MODERATE,Mean model probability 89.9% across 22 accounts (highest: 26 at 99.3%),89.94,8.45,29.17,24.26
RING004,45.31,MODERATE,Mean model probability 86.8% across 24 accounts (highest: 65 at 97.9%),86.8,7.04,37.5,20.72
RING052,45.2,MODERATE,Mean model probability 84.1% across 23 accounts (highest: 36 at 95.9%),84.14,9.86,37.5,22.0
RING119,45.14,MODERATE,Mean model probability 85.4% across 16 accounts (highest: 34 at 99.0%),85.41,15.49,29.17,24.26
RING047,44.97,MODERATE,Mean model probability 73.7% across 11 accounts (highest: 240 at 95.7%),73.68,35.21,29.17,24.26
RING031,44.62,MODERATE,Mean model probability 79.8% across 15 accounts (highest: 26 at 99.3%),79.75,21.83,29.17,25.27
RING080,44.48,MODERATE,Mean model probability 82.2% across 14 accounts (highest: 243 at 96.7%),82.2,21.83,25.0,25.49
RING133,44.27,MODERATE,Mean model probability 84.4% across 19 accounts (highest: 392 at 98.7%),84.37,10.56,29.17,26.67
RING108,44.18,MODERATE,Mean model probability 86.3% across 16 accounts (highest: 8 at 99.0%),86.29,15.49,25.0,23.15
RING101,44.03,MODERATE,Mean model probability 75.4% across 13 accounts (highest: 13 at 98.9%),75.4,25.35,29.17,26.38
RING008,43.96,MODERATE,Mean model probability 88.1% across 22 accounts (highest: 13 at 98.9%),88.15,8.45,25.0,25.82
RING081,43.88,MODERATE,Mean model probability 75.6% across 14 accounts (highest: 16 at 98.6%),75.6,25.35,29.17,25.27
RING043,43.77,MODERATE,Mean model probability 79.7% across 17 accounts (highest: 33 at 99.1%),79.74,15.49,33.33,22.14
RING037,43.59,MODERATE,Mean model probability 87.6% across 29 accounts (highest: 29 at 99.3%),87.61,2.82,29.17,25.37
RING117,43.42,MODERATE,Mean model probability 76.9% across 15 accounts (highest: 18 at 95.7%),76.87,19.72,29.17,26.38
RING069,43.35,MODERATE,Mean model probability 82.8% across 20 accounts (highest: 30 at 98.5%),82.81,10.56,33.33,19.59
RING122,42.97,MODERATE,Mean model probability 82.2% across 17 accounts (highest: 546 at 98.4%),82.16,13.38,29.17,21.21
RING015,42.96,MODERATE,Mean model probability 75.6% across 17 accounts (highest: 18 at 95.7%),75.64,15.49,33.33,25.27
RING040,42.88,MODERATE,Mean model probability 78.3% across 17 accounts (highest: 8 at 99.0%),78.27,13.38,29.17,27.6
RING012,42.33,MODERATE,Mean model probability 81.7% across 26 accounts (highest: 13 at 98.9%),81.71,5.63,29.17,26.59
RING078,42.19,MODERATE,Mean model probability 81.2% across 17 accounts (highest: 33 at 99.1%),81.17,15.49,25.0,22.14
RING085,42.12,MODERATE,Mean model probability 77.5% across 17 accounts (highest: 13 at 98.9%),77.52,13.38,29.17,25.12
RING006,41.72,MODERATE,Mean model probability 84.4% across 28 accounts (highest: 41 at 99.1%),84.36,4.23,25.0,25.49
RING066,41.48,MODERATE,Mean model probability 83.3% across 31 accounts (highest: 29 at 99.3%),83.3,1.41,29.17,23.74
RING042,41.41,MODERATE,Mean model probability 83.0% across 30 accounts (highest: 39 at 99.1%),83.03,2.11,29.17,23.15
RING058,40.86,MODERATE,Mean model probability 84.0% across 36 accounts (highest: 33 at 99.1%),84.04,0.0,29.17,20.78
RING064,40.49,MODERATE,Mean model probability 80.9% across 30 accounts (highest: 596 at 98.9%),80.87,2.82,33.33,16.45
RING118,39.74,MODERATE,Mean model probability 70.8% across 14 accounts (highest: 16 at 98.6%),70.82,21.83,25.0,21.67
RING092,39.73,MODERATE,Mean model probability 76.4% across 28 accounts (highest: 13 at 98.9%),76.39,4.23,29.17,24.26
RING049,38.91,MODERATE,Mean model probability 79.3% across 33 accounts (highest: 480 at 98.1%),79.25,0.7,29.17,18.69
